,,,,0= No,,,1=Yes,,,,,,,,,,,,,,,,,,,,,,,,,,,,,,,
,,User Input Field,,,,,Autopopulate,,,,,,,,,,,,Extraction Efficiency,,,,,,,Spent % (as is),,,Output % (anhydrous),,,,Decarb % (as is),,,Input % (anhydrous),,
UniqueID,Extraction Date (yyyy/mm/dd),Strain,CBD=1,Lot Number,Extraction Run,Time (mins),Col1/2,PSI,Temp (°C),Program Used 0/1,Mass CO2 Used (lbs),CO2 Used (kg),kg CO2/min,Marble Diffuser (1/0),Notes,massCO2/g THC,massCO2/g CBD,massCO2/g CBN,THC,CBD,CBN,Input Mass (g),Output Spent Mass (g),% Mass Extracted,Spent Moisture,THC,CBD,CBN,THC,CBD,CBN,Decarb Moisture,THC,CBD,CBN,THC,CBD,CBN
1,09/01/2018,BW,,338,5,120,1,5000,65,,70.5,32,0.267,0,,,,,-,-,-,1634,1260.5,22.90%,0.0109,,,,,,,0.0109,0.067116614,0.112859028,0.001028113,0.067116614,0.112859028,0.001028113
2,09/01/2018,BW,,338,6,120,2,5000,65,,61,27.7,0.231,1,,,,,-,-,-,1506,1149.5,23.70%,0.0132,,,,,,,0.0132,0.067116614,0.112859028,0.001028113,0.067116614,0.112859028,0.001028113
3,10/01/2018,BW,,339,1,120,1,5000,65,1,75.5,34.3,0.286,1,,,,,-,-,-,1293,1078,16.60%,0.013,,,,,,,0.013,0.049698887,0.080616515,0.001632132,0.049698887,0.080616515,0.001632132
4,10/01/2018,BW,,339,2,120,2,5000,65,1,55.5,25.2,0.21,1,,,,,-,-,-,1356.5,1161,14.40%,0.0142,,,,,,,0.0142,0.049698887,0.080616515,0.001632132,0.049698887,0.080616515,0.001632132
5,10/01/2018,BW,,339,3,120,,5000,65,1,,0,0,,,,,,-,-,-,1305,1113.5,14.70%,0.0142,,,,,,,0.0142,0.049698887,0.080616515,0.001632132,0.049698887,0.080616515,0.001632132
6,10/01/2018,BW,,339,4,120,,5000,65,1,,0,0,,,,,,-,-,-,1362.5,1149.5,15.60%,0.0123,,,,,,,0.0123,0.049698887,0.080616515,0.001632132,0.049698887,0.080616515,0.001632132
7,11/01/2018,BW,,339,5,120,2,5000,65,1,78.5,35.7,0.297,1,,,,,-,-,-,1351.5,1121.5,17.00%,0.0093,,,,,,,0.0093,0.049698887,0.080616515,0.001632132,0.049698887,0.080616515,0.001632132
8,11/01/2018,BW,,339,6,120,1,5000,65,1,38,17.3,0.144,1,,,,,-,-,-,1314,1102.5,16.10%,0.0084,,,,,,,0.0084,0.049698887,0.080616515,0.001632132,0.049698887,0.080616515,0.001632132
9,11/01/2018,BW,,339,7,60,1,5000,65,1,33.5,15.2,0.254,1,New smaller tanks were used. Only two tanks used,,,,-,-,-,379.5,319.5,15.80%,0.0171,,,,,,,0.0171,0.049698887,0.080616515,0.001632132,0.049698887,0.080616515,0.001632132
10,15/01/2018,JOG,,255,1,120,1,5000,65,1,92.5,42,0.35,0,decarbed cannabis was milled in July 2017- particle size is smaller than typical of more recent batches due to change in mill screen pore size. ,,,,-,-,-,1497,1190,20.50%,0.0183,,,,,,,0.0183,0.172869636,0.00050844,0.001932072,0.172869636,0.00050844,0.001932072
11,15/01/2018,JOG,,255,2,120,2,5000,65,1,50,22.7,0.189,0,,,,,-,-,-,1424,1189,16.50%,0.0133,,,,,,,0.0133,0.172869636,0.00050844,0.001932072,0.172869636,0.00050844,0.001932072
12,15/01/2018,JOG,,255,3,300,1,5000,65,1,74.5,33.9,0.113,0,extraction run simultaneously with JOG255run4,,,,-,-,-,1627,1410.5,13.30%,0.0257,,,,,,,0.0257,0.172869636,0.00050844,0.001932072,0.172869636,0.00050844,0.001932072
13,15/01/2018,JOG,,255,4,300,2,5000,65,1,74.5,33.9,0.113,0,extraction run simultaneously with JOG255run3,,,,-,-,-,1530,1192,22.10%,0.0153,,,,,,,0.0153,0.172869636,0.00050844,0.001932072,0.172869636,0.00050844,0.001932072
14,16/01/2018,JOG,,255,5,120,1,5000,65,1,64.5,29.3,0.244,0,Used two tanks only,,,,-,-,-,1568.5,1243.5,20.70%,0.0175,,,,,,,0.0175,0.172869636,0.00050844,0.001932072,0.172869636,0.00050844,0.001932072
15,16/01/2018,JOG,,255,6,60,2,5000,65,1,34,15.5,0.258,0,Used two tanks only,,,,-,-,-,448,369.5,17.50%,0.0123,,,,,,,0.0123,0.172869636,0.00050844,0.001932072,0.172869636,0.00050844,0.001932072
16,16/01/2018,JOG,,255,7,90,1,5000,65,0,24,10.9,0.121,0,Spent material input,,,,-,-,-,1367,1316.5,3.70%,0.0233,,,,,,,0.0233,0.172869636,0.00050844,0.001932072,0.172869636,0.00050844,0.001932072
17,16/01/2018,JOG,,255,8,50,2,5000,65,0,35.4,16.1,0.322,0,Spent material input,,,,-,-,-,1145,1103,3.60%,0.0261,,,,,,,0.0261,0.172869636,0.00050844,0.001932072,0.172869636,0.00050844,0.001932072
18,17/01/2018,JOG,,347,1,120,1,5000,65,1,53,24.1,0.201,1,,,,,-,-,-,1365,1148,15.90%,0.015,,,,,,,0.015,0.174092742,0.000683871,0.007410282,0.174092742,0.000683871,0.007410282
19,17/01/2018,JOG,,347,2,180,2,5000,65,1,97.5,44.3,0.246,,,,,,-,-,-,1495,1188,20.50%,0.0095,,,,,,,0.0095,0.174092742,0.000683871,0.007410282,0.174092742,0.000683871,0.007410282
20,17/01/2018,JOG,,347,3,,1,,,,,0,#DIV/0!,,,,,,-,-,-,1504,1287,14.40%,0.0159,,,,,,,0.0159,0.174092742,0.000683871,0.007410282,0.174092742,0.000683871,0.007410282
21,17/01/2018,JOG,,347,4,,2,,,,,0,#DIV/0!,,,,,,-,-,-,1454,1111,23.60%,0.0072,,,,,,,0.0072,0.174092742,0.000683871,0.007410282,0.174092742,0.000683871,0.007410282
22,18/01/2018,JOG,,347,5,180,1,5000,65,1,132,60,0.333,1,pairs of CO2 tanks staggered,,,,-,-,-,1072,845,21.10%,0.0069,,,,,,,0.0069,0.174092742,0.000683871,0.007410282,0.174092742,0.000683871,0.007410282
23,18/01/2018,JOG,,347,6,180,2,5000,65,1,43,19.5,0.109,1,,,,,-,-,-,654,513.5,21.50%,0.0129,,,,,,,0.0129,0.174092742,0.000683871,0.007410282,0.174092742,0.000683871,0.007410282
24,18/01/2018,JOG,,347,7,90,1,5000,65,1,49,22.3,0.247,1,,,,,-,-,-,1255,1152,8.20%,0.0121,,,,,,,0.0121,0.174092742,0.000683871,0.007410282,0.174092742,0.000683871,0.007410282
25,23/01/2018,JOG,,348,1,180,1,5000,65,1,87,39.5,0.22,1,,,,,-,-,-,1316,1083.5,17.70%,0.039,,,,,,,0.039,0.197588884,0.000591234,0.003660605,0.197588884,0.000591234,0.003660605
26,23/01/2018,JOG,,348,2,180,2,5000,65,1,68,30.9,0.172,1,,,,,-,-,-,1170,971.5,17.00%,0.0187,,,,,,,0.0187,0.197588884,0.000591234,0.003660605,0.197588884,0.000591234,0.003660605
27,23/01/2018,JOG,,348,3,180,1,5000,65,1,94.5,43,0.239,1,,,,,-,-,-,1423.5,1145.5,19.50%,0.014,,,,,,,0.014,0.197588884,0.000591234,0.003660605,0.197588884,0.000591234,0.003660605
28,24/01/2018,JOG,,348,4,210,1,5000,65,1,60,27.3,0.13,1,,,,,-,-,-,1311,1050.5,19.90%,0.0174,,,,,,,0.0174,0.197588884,0.000591234,0.003660605,0.197588884,0.000591234,0.003660605
29,24/01/2018,JOG,,348,5,210,2,5000,65,1,56.5,25.7,0.122,1,,,,,-,-,-,1394.5,1101.5,21.00%,0.0133,,,,,,,0.0133,0.197588884,0.000591234,0.003660605,0.197588884,0.000591234,0.003660605
30,24/01/2018,JOG,,348,6,210,1,5000,65,1,133,60.5,0.288,1,,,,,-,-,-,1508,1138.5,24.50%,0.0126,,,,,,,0.0126,0.197588884,0.000591234,0.003660605,0.197588884,0.000591234,0.003660605
31,25/01/2018,JOG,,348,7,90,1,5000,65,1,19,8.6,0.096,1,,,,,-,-,-,305,254.5,16.60%,0.0134,,,,,,,0.0134,0.197588884,0.000591234,0.003660605,0.197588884,0.000591234,0.003660605
32,25/01/2018,JOG,,348,8,60,2,5000,65,1,9,4.1,0.068,1,re-extract JOG348-1,,,,-,-,-,1140.5,1050.5,7.90%,0.0111,,,,,,,0.0111,0.045504683,0,0.001549428,0.045504683,0,0.001549428
33,13/02/2018,TI,,441,1,180,1,5000,65,1,84.5,38.4,0.213,1,,,,,-,-,-,1305,1082.5,17.00%,0.0431,,,,,,,0.0431,0.006288869,0.13379925,0.000128026,0.006288869,0.13379925,0.000128026
34,13/02/2018,TI,,441,2,180,2,5000,65,1,64,29.1,0.162,1,,,,,-,-,-,1372,1152,16.00%,0.0269,,,,,,,0.0269,0.006288869,0.13379925,0.000128026,0.006288869,0.13379925,0.000128026
35,13/02/2018,TI,,441,3,180,2,5000,65,1,76,34.5,0.192,1,,,,,-,-,-,1329.5,1074,19.20%,0.0256,,,,,,,0.0256,0.006288869,0.13379925,0.000128026,0.006288869,0.13379925,0.000128026
36,14/02/2018,TI,,441,4,,,,,,,,,1,,,,,-,-,-,1430,1188.5,16.90%,0.0252,,,,,,,0.0252,0.006288869,0.13379925,0.000128026,0.006288869,0.13379925,0.000128026
37,14/02/2018,TI,,441,5,180,2,5000,65,1,92,41.8,0.232,1,,,,,-,-,-,1567,1295.5,17.30%,0.0416,,,,,,,0.0416,0.006288869,0.13379925,0.000128026,0.006288869,0.13379925,0.000128026
38,14/02/2018,TI,,441,6,180,1,5000,65,1,,0,0,1,,,,,-,-,-,1489,1213.5,18.50%,0.0319,,,,,,,0.0319,0.006288869,0.13379925,0.000128026,0.006288869,0.13379925,0.000128026
39,21/03/2018,JOG,,345,1,180,1,5000,65,1,105.5,48,0.266,1,,,,,-,-,-,1438,1111,22.70%,,,,,,,,,0.196509634,0.000586503,0.003006154,0.196509634,0.000586503,0.003006154
40,21/03/2018,JOG,,345,2,180,1,5000,65,1,,0,0,1,,,,,-,-,-,1534.5,1152.5,24.90%,,,,,,,,,0.196509634,0.000586503,0.003006154,0.196509634,0.000586503,0.003006154
41,21/03/2018,JOG,,345,3,180,2,5000,65,1,,0,0,1,,,,,-,-,-,1501.5,,-,,,,,,,,,,,,,,
42,22/03/2018,JOG,,345,4,180,2,5000,65,1,107,48.6,0.27,1,,,,,-,-,-,1539,,-,,,,,,,,,,,,,,
43,22/03/2018,JOG,,345,5,180,1,5000,65,1,100.5,45.7,0.254,1,,,,,-,-,-,,,-,,,,,,,,,,,,,,
44,22/03/2018,JOG,,345,6,180,2,5000,65,1,108.5,49.3,0.274,1,,,,,-,-,-,,,-,,,,,,,,,,,,,,
45,28/03/2018,TI,,442,1,120,1,5000,65,1,79,35.9,0.299,1,,,,,-,-,-,,,-,,,,,,,,,,,,,,
46,28/03/2018,TI,,442,2,120,2,5000,65,1,88,40,0.333,1,,,,,-,-,-,,,-,,,,,,,,,,,,,,
47,29/03/2018,TI,,442,5,120,1,5000,65,1,64.5,29.3,0.244,1,,,,,-,-,-,,,-,,,,,,,,,,,,,,
48,29/03/2018,TI,,442,6,120,2,5000,65,1,58.5,26.6,0.222,1,,,,,-,-,-,,,-,,,,,,,,,,,,,,
49,02/04/2018,AD,,614,1,150,1,5000,65,1,50,22.7,0.152,1,,,,,-,-,-,,,-,,,,,,,,,,,,,,
50,03/04/2018,AD,,614,5,60,1,5000,65,1,39.5,18,0.299,1,re-extract AD 614 #1,,,,-,-,-,,,-,,,,,,,,,,,,,,
51,26/04/2018,N2,,626,3,120,1,5000,65,1,42,19.1,0.159,1,,,,,-,-,-,,,-,,,,,,,,,,,,,,
52,27/04/2018,N2,,626,6,90,1,5000,65,1,50.5,23,0.255,1,,,,,-,-,-,,,-,,,,,,,,,,,,,,
53,01/05/2018,AH,,640,3,105,1,5000,65,1,533,242.3,2.307,1,,,,,-,-,-,,,-,,,,,,,,,,,,,,
54,01/05/2018,AH,,640,4,105,2,5000,65,1,88,40,0.381,1,,,,,-,-,-,,,-,,,,,,,,,,,,,,
55,01/05/2018,AH,,640,5,105,1,5000,65,1,22,10,0.095,1,,,,,-,-,-,,,-,,,,,,,,,,,,,,
56,03/05/2018,BW,,631,1,90,1,5000,65,1,61,27.7,0.308,1,,,,,-,-,-,,,-,,,,,,,,,,,,,,
57,03/05/2018,BW,,631,2,90,2,5000,65,1,56,25.5,0.283,1,,,,,-,-,-,,,-,,,,,,,,,,,,,,
58,07/05/2018,NL,,630,1,90,1,5000,65,1,58,26.4,0.293,1,,,,,-,-,-,,,-,,,,,,,,,,,,,,
59,07/05/2018,NL,,630,2,90,2,5000,65,1,53.5,24.3,0.27,1,,,,,-,-,-,,,-,,,,,,,,,,,,,,
60,08/05/2018,NL,,630,5,90,1,5000,65,1,33,15,0.167,1,,,,,-,-,-,,,-,,,,,,,,,,,,,,
61,08/05/2018,NL,,630,6,90,2,5000,65,1,53.5,24.3,0.27,1,,,,,-,-,-,,,-,,,,,,,,,,,,,,
62,10/05/2018,AH,,642,3,100,1,5000,65,1,24,10.9,0.109,1,,,,,-,-,-,,,-,,,,,,,,,,,,,,
63,10/05/2018,AH,,642,4,100,1,5000,65,1,23.5,10.7,0.107,1,,,,,-,-,-,,,-,,,,,,,,,,,,,,
64,14/05/2018,N2,,629,1,100,1,5000,65,1,63,28.6,0.286,1,,,,,-,-,-,,,-,,,,,,,,,,,,,,
65,16/05/2018,N2,,628,1,100,1,5000,65,1,58.5,26.6,0.266,1,,,,,-,-,-,,,-,,,,,,,,,,,,,,
66,16/05/2018,N2,,628,2,100,2,5000,65,1,48,21.8,0.218,1,,,,,-,-,-,,,-,,,,,,,,,,,,,,
67,17/05/2018,N2,,628,5,100,1,5000,65,1,50,22.7,0.227,1,,,,,-,-,-,,,-,,,,,,,,,,,,,,
68,17/05/2018,N2,,628,6,100,2,5000,65,1,40,18.2,0.182,1,,,,,-,-,-,,,-,,,,,,,,,,,,,,
69,21/05/2018,TI,,615,1,100,1,5000,65,1,68,30.9,0.309,1,,,,,-,-,-,,,-,,,,,,,,,,,,,,
70,22/05/2018,TI,,615,3,100,1,5000,65,1,63,28.6,0.286,1,,,,,-,-,-,,,-,,,,,,,,,,,,,,
71,31/05/2018,TI,,686,3,100,1,5000,65,1,24.5,11.1,0.111,1,,,,,-,-,-,,,-,,,,,,,,,,,,,,
72,31/05/2018,TI,,686,4,100,2,5000,65,1,60,27.3,0.273,1,,,,,-,-,-,,,-,,,,,,,,,,,,,,
73,31/05/2018,TI,,686,3,100,1,5000,65,1,34.5,15.7,0.157,1,,,,,-,-,-,,,-,,,,,,,,,,,,,,
74,05/06/2018,BW,,692,3,90,1,5000,65,1,40.5,18.4,0.205,1,,,,,-,-,-,,,-,,,,,,,,,,,,,,
75,05/06/2018,BW,,692,4,90,2,5000,65,1,54,24.5,0.273,1,,,,,-,-,-,,,-,,,,,,,,,,,,,,
76,06/06/2018,BW,,692,7,100,1,5000,65,1,64,29.1,0.291,1,,,,,-,-,-,,,-,,,,,,,,,,,,,,
77,06/06/2018,BW,,692,8,100,2,5000,65,1,604,274.5,2.745,1,,,,,-,-,-,,,-,,,,,,,,,,,,,,
78,07/06/2018,AD,,691,1,90,1,5000,65,1,58.5,26.6,0.295,1,,,,,-,-,-,,,-,,,,,,,,,,,,,,
79,07/06/2018,AD,,691,2,100,2,5000,65,1,44,20,0.2,1,,,,,-,-,-,,,-,,,,,,,,,,,,,,
80,07/06/2018,AD,,691,3,100,1,5000,65,1,55.5,25.2,0.252,1,,,,,-,-,-,,,-,,,,,,,,,,,,,,
81,07/06/2018,AD,,691,4,100,2,5000,65,1,63,28.6,0.286,1,,,,,-,-,-,,,-,,,,,,,,,,,,,,
82,11/06/2018,TI,,687,1,90,1,5000,65,1,48.5,22,0.245,1,,,,,-,-,-,1526.5,1222,19.90%,,,,,,,,,,,,,,
83,11/06/2018,TI,,687,2,90,1,5000,65,1,40.5,18.4,0.205,1,,,,,-,-,-,,,-,,,,,,,,,,,,,,
84,18/06/2018,N2,,624,1,90,1,5000,65,1,62.5,28.4,0.316,1,,,,,-,-,-,1471,,-,,,,,,,,,,,,,,
85,18/06/2018,N2,,624,2,120,2,5000,65,1,53.5,24.3,0.203,1,,,,,-,-,-,1391,,-,,,,,,,,,,,,,,
86,19/06/2018,N2,,624,5,90,1,5000,65,1,43.5,19.8,0.22,1,,,,,-,-,-,,,-,,,,,,,,,,,,,,
87,19/06/2018,N2,,624,6,90,2,5000,65,1,61.5,28,0.311,1,,,,,-,-,-,,,-,,,,,,,,,,,,,,
88,20/06/2018,N2,,624,7,90,1,5000,65,1,41.5,18.9,0.21,1,,,,,-,-,-,501,,-,,,,,,,,,,,,,,
89,20/06/2018,N2,,624,8,90,1,5000,65,1,55,25,0.278,,,,,,-,-,-,1456.5,,-,,,,,,,,,,,,,,
90,26/06/2018,SB,,542,3,90,1,5000,65,1,61,27.7,0.308,,,,,,-,-,-,,,-,,,,,,,,,,,,,,
91,28/06/2018,NL,,468,1,90,1,5000,65,1,59,26.8,0.298,,,,,,-,-,-,,,-,,,,,,,,,,,,,,
92,28/06/2018,NL,,468,2,90,2,5000,65,1,62,28.2,0.313,,,,,,-,-,-,,,-,,,,,,,,,,,,,,
93,05/07/2018,S ,,544,3,90,1,5000,65,1,67,30.5,0.338,,,,,,-,-,-,,,-,,,,,,,,,,,,,,
94,06/07/2018,SB,,544,6,130,1,5000,65,1,54.5,24.8,0.191,,1 Co2 PUMP,,,,-,-,-,,,-,waited till column 1 reached 5000 then began program,,,,,,,waited till column 1 reached 5000 then began program,,,,,,
94,06/07/2018,SB,,544,7,130,2,5000,65,1,49.5,22.5,0.173,,,,,,-,-,-,,,-,,,,,,,,,,,,,,
95,27/07/2018,MB,,776,3,120,1,5000,65,1,68,30.9,0.258,1,,1.1539592,0.544675921,25.78355464,96%,97%,96%,1618,1373,15.10%,,0.13,0.197,0.007,0.13,0.197,0.007,0.0804,3.642,7.716,0.163,3.960417573,8.390604611,0.177250979
96,07/08/2018,HB,,784,1,120,1,5000,65,1,72,32.7,0.273,,,0.274082674,116.3147607,40.60043533,87%,100%,85%,1673,1374,17.90%,,2.019,0,0.016,2.019,-,0.016,,15.702,0.037,0.106,15.702,0.037,0.106
97,07/08/2018,HB,,784,3,120,1,5000,65,1,72.5,33,0.275,,,0.25348593,107.5739478,37.54939688,97%,100%,100%,1821.5,1470.5,19.30%,,0.537,0,0,0.537,-,-,,15.702,0.037,0.106,15.702,0.037,0.106
99,08/08/2018,HB,,784,6,120,2,5000,65,1,63,28.6,0.239,,,0.25226204,107.0545553,37.36809951,91%,100%,100%,1590.5,1292,18.80%,,1.421,0,0,1.421,-,-,,15.702,0.037,0.106,15.702,0.037,0.106
101,10/08/2018,TI,1,804,1,130,1,5000,65,1,63.5,28.9,0.222,,,9.806843787,0.351002252,,96%,98%,#DIV/0!,1631,1335.5,18.10%,,0.014,0.236,0,0.014,0.236,-,,0.397,11.092,0,0.397,11.092,-
102,13/08/2018,TI,1,804,2,140,2,5000,65,1,81,36.8,0.263,,,12.06565504,0.431848634,,95%,98%,#DIV/0!,1691,1376.5,18.60%,,0.018,0.191,0,0.018,0.191,-,,0.397,11.092,0,0.397,11.092,-
103,13/08/2018,TI,1,804,3,140,1,5000,65,1,72.5,33,0.235,,,10.74549264,0.38459796,,95%,98%,#DIV/0!,1699.5,1376.5,19.00%,,0.018,0.235,0,0.018,0.235,-,,0.397,11.092,0,0.397,11.092,-
105,14/08/2018,TI,1,805,1,140,1,5000,65,1,68,30.9,0.221,1,,11.00715465,0.492369005,,89%,94%,#DIV/0!,1580,1323,16.30%,,0.043,0.53,0,0.043,0.53,-,,0.391,8.741,0,0.391,8.741,-
106,15/08/2018,TI,1,805,2,140,1,5000,65,1,51.5,23.4,0.167,1,,7.858803997,0.351537852,,95%,96%,#DIV/0!,1676,1370,18.30%,,0.021,0.325,0,0.021,0.325,-,,0.391,8.741,0,0.391,8.741,-
108,15/08/2018,TI,1,805,4,140,1,5000,65,1,66.5,30.2,0.216,1,,12.86997551,0.575696193,,95%,97%,#DIV/0!,1321.5,1036.5,21.60%,,0.02,0.3,0,0.02,0.3,-,,0.391,8.741,0,0.391,8.741,-
109,16/08/2018,TI,1,806,2,120,2,5000,65,1,59.5,27,0.225,1,,9.144813892,0.318491794,369.4504812,98%,98%,100%,1610.5,1337,17.00%,,0.01,0.227,0,0.01,0.227,-,,0.404,11.6,0.01,0.404,11.6,0.01
110,16/08/2018,TI,1,806,3,120,1,5000,65,1,71.5,32.5,0.271,1,,10.85768086,0.378146816,438.6503067,98%,98%,100%,1630,1334.5,18.10%,,0.01,0.237,0,0.01,0.237,-,,0.404,11.6,0.01,0.404,11.6,0.01
111,29/08/2018,TI,1,815,3,120,1,5000,65,1,70,31.8,0.265,1,,13.45786343,0.447509844,713.2667618,97%,98%,100%,1402,1155,17.60%,,0.011,0.238,0,0.011,0.238,-,,0.371,11.157,0.007,0.371,11.157,0.007
112,29/08/2018,TI,1,815,4,120,2,5000,65,1,51.5,23.4,0.195,1,,12.36650478,0.411219259,655.4247534,89%,97%,100%,1122.5,930,17.10%,,0.042,0.315,0,0.042,0.315,-,,0.371,11.157,0.007,0.371,11.157,0.007
113,30/08/2018,NL,,466,1,120,1,5000,65,1,56,25.5,0.212,1,,0.322763203,1024.430846,14.14486106,79%,100%,62%,1656.5,1433,13.50%,,2.223,0,0.091,2.223,-,0.091,,10.474,0.0033,0.239,10.474,0.0033,0.239
114,31/08/2018,NL,,466,2,120,1,5000,65,1,39.5,18,0.15,1,,0.224880327,713.7565277,9.855215655,96%,100%,90%,1677,1242.5,25.90%,,0.418,0,0.024,0.418,-,0.024,,10.474,0.0033,0.239,10.474,0.0033,0.239
115,31/08/2018,NL,,466,3,120,2,5000,65,1,75.5,34.3,0.286,1,,0.464154886,1473.199477,20.34124801,98%,100%,99%,1553,1271,18.20%,,0.166,0,0.003,0.166,-,0.003,,10.474,0.0033,0.239,10.474,0.0033,0.239
117,31/08/2018,NL,,466,4,60,1,5000,65,1,59.5,27,0.451,1,,0.326010516,1034.73762,14.28717216,99%,100%,98%,1742.5,1387,20.40%,,0.062,0,0.004,0.062,-,0.004,,10.474,0.0033,0.239,10.474,0.0033,0.239
118,06/09/2018,NL,,467,1,165,1,5000,65,1,70.5,32,0.194,1,,0.381015999,95.40951659,24.22314152,76%,100%,52%,1508,1285.5,14.80%,,2.908,0,0.092,2.908,-,0.092,,12.27,0.049,0.193,12.27,0.049,0.193
121,06/09/2018,NL,,467,3,140,1,5000,65,1,70.5,32,0.229,1,,0.374558101,93.79240614,23.8125798,98%,100%,94%,1534,1234,19.60%,,0.304,0,0.012,0.304,-,0.012,,12.27,0.049,0.193,12.27,0.049,0.193
123,07/09/2018,NL,,467,5,125,1,5000,65,1,72.5,33,0.264,1,,0.389885876,97.63060619,24.78704509,98%,100%,94%,1515.5,1251.5,17.40%,,0.271,0,0.012,0.271,-,0.012,,12.27,0.049,0.193,12.27,0.049,0.193
124,11/09/2018,NL ,,771,1,135,1,5000,65,1,70.5,32,0.237,1,,0.406592309,1303.732744,29.23521911,95%,100%,90%,1461.5,1209.5,17.20%,,0.592,0,0.017,0.592,-,0.017,,11.864,0.0037,0.165,11.864,0.0037,0.165
125,11/09/2018,NL,,771,2,135,2,5000,65,1,74,33.6,0.249,1,,0.42736257,1370.332306,30.72866382,93%,100%,86%,1459.5,1180,19.20%,,0.869,0,0.023,0.869,-,0.023,,11.864,0.0037,0.165,11.864,0.0037,0.165
126,12/09/2018,NL,,771,3,150,1,5000,65,1,74.5,33.9,0.226,1,,0.416274512,1334.778597,29.93139884,95%,100%,87%,1508.5,1269.5,15.80%,,0.637,0,0.022,0.637,-,0.022,,11.864,0.0037,0.165,11.864,0.0037,0.165
127,12/09/2018,NL,,771,4,125,2,5000,65,1,81.5,37,0.296,1,,0.454784591,1458.260644,32.7003902,97%,100%,94%,1510.5,1239,18.00%,,0.374,0,0.01,0.374,-,0.01,,11.864,0.0037,0.165,11.864,0.0037,0.165
128,12/09/2018,NL,,771,5,135,1,5000,65,1,76,34.5,0.256,1,,1.140860894,3658.155038,82.03135541,97%,100%,94%,561.5,368.5,34.40%,,0.356,0,0.01,0.356,-,0.01,,11.864,0.0037,0.165,11.864,0.0037,0.165
129,17/09/2019,NL,,772,1,125,1,5000,65,1,75,34.1,0.273,1,,0.402144556,993.3774834,22.57676099,96%,100%,86%,1510,1284.5,14.90%,,0.545,0,0.0303,0.545,-,0.0303,,12.351,0.005,0.22,12.351,0.005,0.22
130,17/09/2018,NL,,772,2,265,2,5000,65,1,75,34.1,0.129,1,,0.40294511,995.35501,22.62170477,86%,100%,100%,1507,1270,15.70%,,1.776,0,0,1.776,-,-,,12.351,0.005,0.22,12.351,0.005,0.22
131,17/09/2018,NL,,772,3,135,1,5000,65,1,94.5,43,0.318,1,,0.50737416,1253.31565,28.48444659,98%,100%,94%,1508,1243.5,17.50%,,0.289,0,0.013,0.289,-,0.013,,12.351,0.005,0.22,12.351,0.005,0.22
132,18/09/2018,NL,,772,4,239,2,5000,65,1,75,34.1,0.143,1,,0.401347178,991.4077991,22.53199543,85%,100%,82%,1513,1286.5,15.00%,,1.864,0,0.04,1.864,-,0.04,,12.351,0.005,0.22,12.351,0.005,0.22
133,18/09/2018,NL,,772,5,135,1,5000,65,1,76.5,34.8,0.258,1,,0.442890987,1094.029317,24.86430266,98%,100%,97%,1398.5,1131.5,19.10%,,0.285,0,0.006,0.285,-,0.006,,12.351,0.005,0.22,12.351,0.005,0.22
134,18/09/2018,NL,,772,6,145,2,5000,65,1,68.5,31.1,0.215,1,,0.417471556,1031.238239,23.4372327,91%,100%,91%,1328.5,1111.5,16.30%,,1.157,0,0.02,1.157,-,0.02,,12.351,0.005,0.22,12.351,0.005,0.22
135,20/09/2018,NL,,773,1,220,1,5000,65,1,70,31.8,0.145,1,,0.434129042,1678.053458,2188.76538,84%,100%,-1448%,1390.5,1152.5,17.10%,,1.9003,0,0.0356,1.9003,-,0.0356,,11.596,0.003,0.0023,11.596,0.003,0.0023
136,20/09/2018,NL,,773,2,120,2,5000,65,1,70,31.8,0.265,1,,0.402169509,1554.519209,2027.633751,82%,100%,-1452%,1501,1279,14.80%,,2.1005,0,0.0357,2.1005,-,0.0357,,11.596,0.003,0.0023,11.596,0.003,0.0023
139,24/09/2018,SB,,476,1,150,1,5000,65,1,75.5,34.3,0.229,1,,0.416133822,,19.72711263,87%,#DIV/0!,75%,1362,1100,19.20%,,1.7916,0.0043,0.0711,1.7916,0.0043,0.0711,,13.321,0,0.281,13.321,-,0.281
140,24/09/2018,SB,,476,2,150,2,5000,65,1,85.5,38.9,0.259,1,,0.434853459,,20.61452999,91%,#DIV/0!,80%,1476,1198,18.80%,,1.2017,0.0035,0.0564,1.2017,0.0035,0.0564,,13.321,0,0.281,13.321,-,0.281
141,25/09/2018,SB,,476,3,195,1,5000,65,1,78.5,35.7,0.183,1,,0.432192958,,20.48840709,95%,#DIV/0!,89%,1363.5,1103.5,19.10%,,0.6206,0,0.0312,0.6206,-,0.0312,,13.321,0,0.281,13.321,-,0.281
142,25/09/2018,SB,,476,4,180,2,5000,65,1,83,37.7,0.21,1,,0.394476952,,18.70045365,88%,#DIV/0!,76%,1579.5,1281,18.90%,,1.5519,0,0.0688,1.5519,-,0.0688,,13.321,0,0.281,13.321,-,0.281
143,26/09/2018,SB,,476,5,165,1,5000,65,1,67,30.5,0.185,1,,0.34556183,,16.38159833,87%,#DIV/0!,73%,1455.5,1219,16.20%,,1.6727,0.0039,0.0752,1.6727,0.0039,0.0752,,13.321,0,0.281,13.321,-,0.281
144,26/09/2018,SB,,476,6,121,2,5000,65,1,65,29.5,0.244,1,,0.362654296,,17.19187856,86%,#DIV/0!,73%,1345.5,1126,16.30%,,1.8589,0.0039,0.0758,1.8589,0.0039,0.0758,,13.321,0,0.281,13.321,-,0.281
145,27/09/2018,TI,1,857,3,120,1,5000,65,1,66.5,30.2,0.252,1,,9.705089334,0.469659933,384.4708467,99%,97%,100%,1330.5,1101,17.20%,,0.0059,0.2697,0,0.0059,0.2697,-,,0.515,10.642,0.013,0.515,10.642,0.013
146,27/09/2018,TI,1,857,4,180,2,5000,65,1,55.5,25.2,0.14,,,7.127446448,0.344919651,282.3565324,100%,98%,100%,1512,1244,17.70%,,0,0.1715,0,-,0.1715,-,,0.515,10.642,0.013,0.515,10.642,0.013
148,27/09/2018,TI,1,857(2),1,105,1,5000,65,1,65,29.5,0.281,,,7.970545768,0.38571989,315.7562362,97%,97%,100%,1583.5,1325,16.30%,,0.015,0.3168,0,0.015,0.3168,-,,0.515,10.642,0.013,0.515,10.642,0.013
149,27/09/2018,TI,1,857(2),2,120,2,5000,65,1,55,25,0.208,,,6.600501638,0.319419126,261.481411,99%,98%,100%,1618,1360,15.90%,,0.0072,0.191,0,0.0072,0.191,-,,0.515,10.642,0.013,0.515,10.642,0.013
150,27/09/2018,TI,1,857(2),3,120,1,5000,65,1,56,,,,,6.959223301,0.336778801,275.6923077,97%,98%,100%,1562.5,1321.5,15.40%,,0.0168,0.226,0,0.0168,0.226,-,,0.515,10.642,0.013,0.515,10.642,0.013
151,02/10/2018,TI,1,858,1,130,1,5000,65,1,79.5,,,,,,0.479086056,378.0673388,#DIV/0!,96%,100%,1502,1239,17.50%,,0.0291,0.4837,0,0.0291,0.4837,-,,0,11.048,0.014,-,11.048,0.014
152,03/10/2018,TI,1,858,2,105,2,5000,65,1,60,,,,,,0.360853635,284.7650688,#DIV/0!,96%,100%,1505,1270.5,15.60%,,0.0321,0.4672,0,0.0321,0.4672,-,,0,11.048,0.014,-,11.048,0.014
153,03/10/2018,TI,1,858,3,105,1,5000,65,1,60.5,,,,,,0.361101502,284.9606707,#DIV/0!,97%,100%,1516.5,1291.5,14.80%,,0.0183,0.3365,0,0.0183,0.3365,-,,0,11.048,0.014,-,11.048,0.014
154,03/10/2018,TI,1,858,4,140,2,5000,65,1,57.5,,,,,,0.34616308,273.1721222,#DIV/0!,95%,100%,1503.5,1245.5,17.20%,,0.0321,0.5285,0,0.0321,0.5285,-,,0,11.048,0.014,-,11.048,0.014
155,03/10/2018,TI,1,858,5,110,1,5000,65,1,57.5,,,,,,0.346278238,273.2629978,#DIV/0!,95%,100%,1503,1275,15.20%,,0.0358,0.5016,0,0.0358,0.5016,-,,0,11.048,0.014,-,11.048,0.014
156,03/10/2018,TI,1,858,6,140,2,5000,65,1,40.5,,,,,,0.649968416,512.9179331,#DIV/0!,96%,100%,564,479,15.10%,,0.0259,0.393,0,0.0259,0.393,-,,0,11.048,0.014,-,11.048,0.014
157,04/10/2018,TI,1,860,1,110,1,5000,65,1,57,,,,,6.961849067,0.315225221,,85%,94%,#DIV/0!,1624.5,1349,17.00%,,0.075,0.6784,0,0.075,0.6784,-,,0.504,11.131,0,0.504,11.131,-
158,05/10/2018,TI,1,860,4,110,2,5000,65,1,50,,,,,6.462954346,0.292635791,,88%,94%,#DIV/0!,1535,1293,15.80%,,0.0611,0.7092,0,0.0611,0.7092,-,,0.504,11.131,0,0.504,11.131,-
160,10/10/2018,SB,,543,1,180,1,5000,65,1,81,,,,,0.380180309,140.1529571,36.51872825,83%,100%,0%,1562,1307,16.30%,,2.31,0,0.1424,2.31,-,0.1424,,13.64,0.037,0.142,13.64,0.037,0.142
161,11/10/2018,SB,,543,4,150,2,5000,65,1,70,,,,,0.343505007,126.6326568,32.9958331,86%,100%,18%,1494,1281.5,14.20%,,1.929,0,0.1159,1.929,-,0.1159,,13.64,0.037,0.142,13.64,0.037,0.142
163,11/10/2018,SB,,543,6,105,1,5000,65,1,65,,,,,0.50162062,184.9217639,48.18383988,83%,100%,-6%,950,826,13.10%,,2.337,0,0.1502,2.337,-,0.1502,,13.64,0.037,0.142,13.64,0.037,0.142
164,15/10/2018,N2,1,473,1,90,1,5000,65,1,52,,,,,8.277144258,0.272397748,120.3369434,97%,89%,45%,1662,1367,17.70%,,0.0122,1.2766,0.0144,0.0122,1.2766,0.0144,,0.378,11.486,0.026,0.378,11.486,0.026
165,15/10/2018,N2,1,473,2,120,2,5000,65,1,52,,,,,8.277144258,0.272397748,120.3369434,86%,93%,46%,1662,1351.5,18.70%,,0.054,0.81,0.014,0.054,0.81,0.014,,0.378,11.486,0.026,0.378,11.486,0.026
168,17/10/2018,BW,1,891,1,150,1,5000,65,1,105.5,,,,,0.889133857,0.553404883,219.5172701,86%,94%,77%,1780,1355.5,23.80%,,0.9067,0.656,0.0061,0.9067,0.656,0.0061,,6.666,10.71,0.027,6.666,10.71,0.027
169,18/10/2018,BW,1,891,3,130,1,5000,65,1,69,,,,,0.616133042,0.383486728,152.1164021,84%,94%,74%,1680,1304,22.40%,,1.0966,0.6786,0.0071,1.0966,0.6786,0.0071,,6.666,10.71,0.027,6.666,10.71,0.027
170,18/10/2018,BW,1,891,4,130,1,5000,65,1,60,,,,,0.489445356,0.304635177,120.83862,76%,89%,59%,1839,1456,20.80%,,1.6236,1.1599,0.0112,1.6236,1.1599,0.0112,,6.666,10.71,0.027,6.666,10.71,0.027
171,18/10/2018,BW,1,891,6,110,1,5000,65,1,55,,,,,0.489953984,0.304951751,120.9641946,72%,87%,100%,1684,1351.5,19.70%,,1.8408,1.4285,0,1.8408,1.4285,-,,6.666,10.71,0.027,6.666,10.71,0.027
173,19/10/2018,BW,1,891,8,110,1,5000,65,1,55,,,,,0.49554505,0.308431681,122.3445668,84%,94%,73%,1665,1289.5,22.60%,,1.0664,0.6762,0.0072,1.0664,0.6762,0.0072,,6.666,10.71,0.027,6.666,10.71,0.027
174,22/10/2018,SK ,,897,1,130,2,5000,65,1,65,,,,,0.316875132,1132.059041,33.57802241,89%,100%,83%,1640.5,1324,19.30%,,1.3556,0,0.0195,1.3556,-,0.0195,,12.504,0.0035,0.118,12.504,0.0035,0.118
175,23/10/2018,SK ,,897,2,130,1,5000,65,1,75,,,,,0.367867563,1314.233145,38.98149159,89%,100%,83%,1630.5,1323,18.90%,,1.3484,0,0.0195,1.3484,-,0.0195,,12.504,0.0035,0.118,12.504,0.0035,0.118
177,24/10/2018,N2,1,472,1,130,1,5000,65,1,56.5,,,,,9.613813945,0.385726508,114.1252752,87%,93%,63%,1597,1325.5,17.00%,,0.0476,0.6172,0.0116,0.0476,0.6172,0.0116,,0.368,9.172,0.031,0.368,9.172,0.031
178,25/10/2018,N2,1,472,2,140,2,5000,65,1,50,,,,,8.513130653,0.341564771,101.0590994,85%,93%,54%,1596,1335,16.40%,,0.0568,0.6416,0.0144,0.0568,0.6416,0.0144,,0.368,9.172,0.031,0.368,9.172,0.031
179,26/10/2018,N2,1,472,3,150,2,5000,65,1,55,,,,,8.976367672,0.360150818,106.5581711,83%,91%,50%,1665,1409.5,15.30%,,0.0621,0.8254,0.0156,0.0621,0.8254,0.0156,,0.368,9.172,0.031,0.368,9.172,0.031
180,26/10/2018,N2 ,1,472,4,120,2,5000,65,1,55,,,,,9.104874916,0.3653068,108.0836764,89%,95%,59%,1641.5,1378,16.10%,,0.0404,0.5039,0.0126,0.0404,0.5039,0.0126,,0.368,9.172,0.031,0.368,9.172,0.031
181,26/10/2018,N2,1,472,5,150,1,5000,65,1,60,,,,,10.71596965,0.429947321,127.2089301,79%,89%,49%,1521.5,1317,13.40%,,0.0766,1.0082,0.0157,0.0766,1.0082,0.0157,,0.368,9.172,0.031,0.368,9.172,0.031
182,29/10/2018,BW,1,900,1,110,1,5000,65,1,75,,,,1 pump,0.652311806,0.397734757,1092.036867,85%,94%,-123%,1761,1372.5,22.10%,,0.9704,0.6055,0.0087,0.9704,0.6055,0.0087,,6.529,10.708,0.0039,6.529,10.708,0.0039
183,29/10/2018,BW,1,900,7,250,1,5000,65,1,83,,,,1PUMP,0.715391863,0.436196626,1197.639352,92%,96%,10%,1777,1394.5,21.50%,,0.495,0.3887,0.0035,0.495,0.3887,0.0035,,6.529,10.708,0.0039,6.529,10.708,0.0039
184,06/11/2018,HB,,854,1,185,1,4300,65,1,75,,,,1PUMP,0.481399865,138.7501388,12.21272615,79%,78%,73%,1501.5,1335,11.10%,,2.1458,0.0078,0.1114,2.1458,0.0078,0.1114,,10.376,0.036,0.409,10.376,0.036,0.409
185,06/11/2018,HB,,854,4,210,2,4300,65,1,83.5,,,,1PUMP,0.535245568,154.2696671,13.5787482,80%,100%,73%,1503.5,1308,13.00%,,2.0686,0,0.1121,2.0686,-,0.1121,,10.376,0.036,0.409,10.376,0.036,0.409
187,08/11/2018,HB,,854,7,180,1,5000,65,1,90,,,,1PUMP,0.62536862,180.2451334,15.86509731,92%,100%,88%,1387,1157,16.60%,,0.8664,0,0.051,0.8664,-,0.051,,10.376,0.036,0.409,10.376,0.036,0.409
189,12/11/2018,BW,1,911,1,130,1,5000,65,1,65,,,,2pump,0.684635721,0.431970036,131.8993506,94%,98%,100%,1540,1221.5,20.70%,,0.3749,0.2264,0,0.3749,0.2264,-,,6.165,9.771,0.032,6.165,9.771,0.032
190,13/11/2018,BW,1,911,4,105,1,5000,65,1,60,,,,,0.656926095,0.414486683,126.560918,97%,99%,100%,1481.5,1170,21.00%,,0.1766,0.1323,0,0.1766,0.1323,-,,6.165,9.771,0.032,6.165,9.771,0.032
191,13/11/2018,BW,1,911,5,130,2,5000,65,1,59,,,,,0.719019842,0.453664653,138.5236664,96%,98%,100%,1331,1048,21.30%,,0.2367,0.1996,0,0.2367,0.1996,-,,6.165,9.771,0.032,6.165,9.771,0.032
192,13/11/2018,BW,1,911,6,120,1,5000,65,1,55,,,,,0.587702904,0.370810399,113.2246377,92%,96%,100%,1518,1189,21.70%,,0.5014,0.3486,0,0.5014,0.3486,-,,6.165,9.771,0.032,6.165,9.771,0.032
193,14/11/2018,BW,1,911,9,95,1,5000,65,1,55,,,,,0.544647747,0.343644802,104.9297924,96%,98%,66%,1638,1302,20.50%,,0.2655,0.2366,0.011,0.2655,0.2366,0.011,,6.165,9.771,0.032,6.165,9.771,0.032
194,14/11/2018,BW,1,911,10,100,2,5000,65,1,55,,,,,0.550020351,0.347034639,105.9648582,96%,98%,89%,1622,1285.5,20.70%,,0.2724,0.2317,0.0034,0.2724,0.2317,0.0034,,6.165,9.771,0.032,6.165,9.771,0.032
195,14/11/2018,BW,1,911,11,100,1,5000,65,1,50.5,,,,,0.670053422,0.422769353,129.0899796,97%,98%,100%,1222.5,950.5,22.20%,,0.1566,0.1746,0,0.1566,0.1746,-,,6.165,9.771,0.032,6.165,9.771,0.032
196,16/11/2018,BW,1,920,1,90,1,5000,65,1,55,,,,,0.672861972,0.396688359,127.5421469,95%,97%,79%,1487,1171.5,21.20%,,0.2668,0.2468,0.0062,0.2668,0.2468,0.0062,,5.497,9.324,0.029,5.497,9.324,0.029
197,16/11/2018,BW,1,920,2,125,2,5000,65,1,55,,,,,0.67925713,0.400458649,128.7543601,98%,99%,79%,1473,1133.5,23.00%,,0.1125,0.1353,0.0061,0.1125,0.1353,0.0061,,5.497,9.324,0.029,5.497,9.324,0.029
198,16/11/2018,BW,1,920,3,230,1,5000,65,1,55,,,,,0.645721686,0.380687699,122.3976589,98%,99%,79%,1549.5,1180,23.80%,,0.1316,0.0825,0.0062,0.1316,0.0825,0.0062,,5.497,9.324,0.029,5.497,9.324,0.029
199,19/11/2018,BW,1,920,4,90,2,5000,65,1,55,,,,,0.6383067,0.376316166,120.9921355,97%,98%,81%,1567.5,1232,21.40%,,0.178,0.172,0.0056,0.178,0.172,0.0056,,5.497,9.324,0.029,5.497,9.324,0.029
200,19/11/2018,BW,1,920,5,100,1,5000,65,1,55,,,,,0.678796304,0.400186967,128.6670098,94%,97%,87%,1474,1152,21.80%,,0.3475,0.296,0.0037,0.3475,0.296,0.0037,,5.497,9.324,0.029,5.497,9.324,0.029
201,19/11/2018,BW,1,920,6,120,2,5000,65,1,55,,,,,0.637087394,0.375597319,120.761014,98%,99%,76%,1570.5,1209.5,23.00%,,0.0845,0.1036,0.0069,0.0845,0.1036,0.0069,,5.497,9.324,0.029,5.497,9.324,0.029
202,19/11/2018,BW,1,920,7,140,1,5000,65,1,55,,,,,0.641992783,0.37848931,121.6908389,99%,99%,80%,1558.5,1199.5,23.00%,,0.0597,0.0636,0.0057,0.0597,0.0636,0.0057,,5.497,9.324,0.029,5.497,9.324,0.029
203,20/11/2018,SK ,,899,1,140,1,5000,65,1,80.5,,,,,0.53516736,224.7191011,55.57569168,98%,100%,95%,1557.5,1371,12.00%,,0.1809,0,0.0043,0.1809,-,0.0043,,9.658,0.023,0.093,9.6578,0.023,0.093
204,21/11/2018,SK ,,899,2,140,2,5000,65,1,72,,,,,0.47958276,201.378886,49.8033804,98%,100%,94%,1554.5,1317.5,15.20%,,0.1615,0,0.0054,0.1615,-,0.0054,,9.658,0.023,0.093,9.6578,0.023,0.093
205,22/11/2018,SK ,,899,3,160,1,5000,65,1,65,,,,,0.432817444,181.7419265,44.94692805,99%,100%,93%,1555,1321,15.00%,,0.1324,0,0.0062,0.1324,-,0.0062,,9.658,0.023,0.093,9.6578,0.023,0.093
206,23/11/2018,SK ,,899,5,140,1,5000,65,1,88,,,,,0.579631425,243.3897555,60.19316534,97%,100%,95%,1572,1359,13.50%,,0.3351,0,0.0046,0.3351,-,0.0046,,9.658,0.023,0.093,9.6578,0.023,0.093
207,23/11/2018,SK ,,899,6,140,2,5000,65,1,81,,,,,0.621950556,261.1597427,64.58789336,99%,100%,95%,1348.5,1149,14.80%,,0.1314,0,0.0042,0.1314,-,0.0042,,9.658,0.023,0.093,9.6578,0.023,0.093
208,26/11/2018,NL,,903,1,145,1,5000,65,1,82,,,,,0.640656502,241.4249963,23.85622493,98%,100%,95%,1358.6,1155,15.00%,,0.1993,0,0.0135,0.1993,-,0.0135,,9.421,0.025,0.253,9.421,0.025,0.253
209,27/11/2018,NL,,903,2,180,2,5000,65,1,69,,,,,0.547388884,206.2780269,20.38320424,99%,100%,97%,1338,1146,14.30%,,0.075,0,0.0079,0.075,-,0.0079,,9.421,0.025,0.253,9.421,0.025,0.253
210,28/11/2018,NL,,903,5,110,1,5000,65,1,65,,,,,0.539865406,203.4428795,20.10305133,99%,100%,98%,1278,1104,13.60%,,0.0874,0,0.0055,0.0874,-,0.0055,,9.421,0.025,0.253,9.421,0.025,0.253
211,28/11/2018,NL,,903,6,110,2,5000,65,1,63.5,,,,,0.577077151,217.4657534,21.48871081,98%,88%,96%,1168,1003.5,14.10%,,0.1609,0.003,0.0112,0.1609,0.003,0.0112,,9.421,0.025,0.253,9.421,0.025,0.253
212,28/11/2018,NL,,903,7,110,1,5000,65,1,60,,,,,0.551168383,207.7022934,20.52394203,99%,100%,98%,1155.5,992,14.10%,,0.0623,0,0.0038,0.0623,-,0.0038,,9.421,0.025,0.253,9.421,0.025,0.253
213,30/11/2018,HB,,931,1,120,1,5000,65,0,55.5,,,,NL,0.411885777,40.79607476,157.6211979,97%,100%,64%,1600.5,1380.5,13.70%,,0.2933,0,0.0079,0.2933,-,0.0079,,8.419,0.085,0.022,8.419,0.085,0.022
214,30/11/2018,HB,,931,2,110,2,5000,65,0,57,,,,NL,0.446596325,44.23405246,170.9042936,95%,100%,100%,1516,1299,14.30%,,0.3809,0,0,0.3809,-,-,,8.419,0.085,0.022,8.419,0.085,0.022
214,03/12/2018,HB,,931,3,110,1,5000,65,1,54.5,,,,NL,0.457811379,45.34487062,175.196091,95%,100%,58%,1414,1257.5,11.10%,,0.4074,0,0.0093,0.4074,-,0.0093,,8.419,0.085,0.022,8.419,0.085,0.022
215,03/12/2018,HB,,931,4,105,2,5000,65,1,57,,,,NL,0.445861066,44.16122722,170.6229233,97%,100%,64%,1518.5,1320,13.10%,,0.2933,0,0.0079,0.2933,-,0.0079,,8.419,0.085,0.022,8.419,0.085,0.022
216,03/12/2018,HB,,931,5,115,1,5000,65,1,57,,,,NL,0.427829402,42.37524394,163.7225334,97%,100%,70%,1582.5,1367,13.60%,,0.2391,0,0.0066,0.2391,-,0.0066,,8.419,0.085,0.022,8.419,0.085,0.022
217,03/12/2018,HB,,931,6,130,2,5000,65,1,57,,,,NL,0.430139789,42.60408102,164.6066767,96%,100%,60%,1574,1370.5,12.90%,,0.3233,0,0.0087,0.3233,-,0.0087,,8.419,0.085,0.022,8.419,0.085,0.022
218,05/12/2018,SB,,545,1,150,1,5000,65,1,70,,,,AH,0.416892483,481.9277108,34.42340792,92%,100%,40%,1452.5,1268,12.70%,,0.9015,0,0.0835,0.9015,-,0.0835,,11.56,0.01,0.14,11.56,0.01,0.14
220,05/12/2018,SB,,545,4,160,2,5000,65,1,80,,,,AH,0.434426568,502.1971124,35.87122231,85%,100%,-14%,1593,1284,19.40%,,1.7081,0,0.1596,1.7081,-,0.1596,,11.56,0.01,0.14,11.56,0.01,0.14
221,12/12/2018,NN,1,981,1,90,1,5000,65,1,52.5,,,,,8.450296163,0.408193255,297.4504249,96%,97%,100%,1765,1544,12.50%,,0.0145,0.1938,0,0.0145,0.1938,-,,0.352,7.287,0.01,0.352,7.287,0.01
222,12/12/2018,NN,1,981,2,100,2,5000,65,1,57.5,,,,,9.511049358,0.459433151,334.7889374,95%,97%,100%,1717.5,1601.5,6.80%,,0.0168,0.2406,0,0.0168,0.2406,-,,0.352,7.287,0.01,0.352,7.287,0.01
223,208/12/13,NN,1,981,3,95,1,5000,65,2,54,,,,,9.269431475,0.447761751,326.2839879,99%,99%,100%,1655,1473.5,11.00%,,0.0026,0.084,0,0.0026,0.084,-,,0.352,7.287,0.01,0.352,7.287,0.01
224,13/12/2018,NN,1,981,4,100,2,5000,65,1,55.5,,,,,9.541328566,0.460895795,335.8547655,99%,98%,100%,1652.5,1490.5,9.80%,,0.0026,0.164,0,0.0026,0.164,-,,0.352,7.287,0.01,0.352,7.287,0.01
225,13/12/2018,NN,1,981,5,130,1,5000,65,1,53.5,,,,,8.755105781,0.422917145,308.1797235,97%,99%,100%,1736,1557,10.30%,,0.0096,0.0939,0,0.0096,0.0939,-,,0.352,7.287,0.01,0.352,7.287,0.01
226,13/12/2018,NN,1,981,6,90,1,5000,65,1,50,,,,,9.96460572,0.481342283,350.7541214,97%,98%,100%,1425.5,1277.5,10.40%,,0.0101,0.162,0,0.0101,0.162,-,,0.352,7.287,0.01,0.352,7.287,0.01
226,13/12/2018,NN,1,981,7,90,2,5000,65,1,50,,,,,10.33433645,0.4992022,363.7686431,92%,94%,100%,1374.5,1233.5,10.30%,,0.0285,0.4109,0,0.0285,0.4109,-,,0.352,7.287,0.01,0.352,7.287,0.01
227,14/12/2018,NN,1,982,1,100,1,5000,65,1,58.5,,,,,12.62135922,0.597319414,3155.339806,97%,98%,100%,1545,1388.5,10.10%,,0.0091,0.1413,0,0.0091,0.1413,-,,0.3,6.339,0.0012,0.3,6.339,0.0012
228,17/12/2018,NN,1,982,2,85,1,5000,65,1,50,,,,,9.738046548,0.460863538,2434.511637,99%,99%,100%,1711.5,1473.5,13.90%,,0.0032,0.0873,0,0.0032,0.0873,-,,0.3,6.339,0.0012,0.3,6.339,0.0012
230,17/12/2018,NN,1,982,4,90,1,5000,65,1,50,,,,,8.960573477,0.424068787,2240.143369,95%,97%,100%,1860,1629.5,12.40%,,0.0162,0.1988,0,0.0162,0.1988,-,,0.3,6.339,0.0012,0.3,6.339,0.0012
231,17/12/2018,NN,1,982,5,85,1,5000,65,1,50,,,,,9.675858732,0.457920432,2418.964683,92%,95%,-192%,1722.5,1553,9.80%,,0.025,0.3119,0.0035,0.025,0.3119,0.0035,,0.3,6.339,0.0012,0.3,6.339,0.0012
232,17/12/2018,NN,1,982,6,110,2,5000,65,1,53.5,,,,,10.32918235,0.488839676,2582.295588,95%,96%,-142%,1726.5,1583.5,8.30%,,0.0163,0.2258,0.0029,0.0163,0.2258,0.0029,,0.3,6.339,0.0012,0.3,6.339,0.0012
233,18/12/2018,NN,1,982,7,90,1,5000,65,1,51.5,,,,,9.980620155,0.472343595,2495.155039,88%,93%,-250%,1720,1570.5,8.70%,,0.0369,0.4258,0.0042,0.0369,0.4258,0.0042,,0.3,6.339,0.0012,0.3,6.339,0.0012
234,18/12/2018,NN,1,982,8,100,2,5000,65,1,50,,,,,10.22808633,0.484055198,2557.021581,97%,98%,100%,1629.5,1473.5,9.60%,,0.0079,0.1372,0,0.0079,0.1372,-,,0.3,6.339,0.0012,0.3,6.339,0.0012
235,18/12/2018,NN,1,982,9,90,1,5000,65,1,50.5,,,,,10.40379069,0.492370596,2600.947672,96%,97%,100%,1618,1461.5,9.70%,,0.0131,0.1738,0,0.0131,0.1738,-,,0.3,6.339,0.0012,0.3,6.339,0.0012
236,20/12/2018,TI,1,984,1,100,1,5000,65,1,61,,,,,7.544158682,0.282256459,388.9090782,94%,97%,100%,1600.5,1292.5,19.20%,,0.03,0.4329,0,0.03,0.4329,-,,0.5052,13.503,0.0098,0.5052,13.503,0.0098
234,20/12/2018,TI,1,984,2,84,2,5000,65,1,50.5,,,,,6.713258007,0.251169218,346.0753005,97%,98%,100%,1489,1215,18.40%,,0.0173,0.3136,0,0.0173,0.3136,-,,0.5052,13.503,0.0098,0.5052,13.503,0.0098
235,20/12/2018,TI,1,984,3,100,1,5000,45,1,50.5,,,,TEMP,6.58500736,0.24637086,339.4638488,82%,92%,100%,1518,1264.5,16.70%,,0.0927,1.126,0,0.0927,1.126,-,,0.5052,13.503,0.0098,0.5052,13.503,0.0098
236,20/12/2018,TI,1,984,4,117,2,5000,45,1,59.5,,,,TEMP,7.47067165,0.279507022,385.1207467,95%,98%,100%,1576.5,1266.5,19.70%,,0.0245,0.2439,0,0.0245,0.2439,-,,0.5052,13.503,0.0098,0.5052,13.503,0.0098
237,20/12/2018,TI,1,984,5,130,1,5000,65,1,59,,,,Night,8.456584469,0.316393873,435.9455585,93%,97%,100%,1381,1114.5,19.30%,,0.0366,0.4579,0,0.0366,0.4579,-,,0.5052,13.503,0.0098,0.5052,13.503,0.0098
238,21/12/2018,TI,1,984,6,121,1,5000,65,1,51.5,,,,,6.719830311,0.251415113,346.4141095,89%,95%,100%,1517,1230.5,18.90%,,0.0577,0.6987,0,0.0577,0.6987,-,,0.5052,13.503,0.0098,0.5052,13.503,0.0098
239,21/12/2018,TI,1,984,7,114,2,5000,85,1,49.5,,,,TEMP,5.828732756,0.218075671,300.4771212,91%,96%,100%,1681,1351,19.60%,,0.0454,0.5427,0,0.0454,0.5427,-,,0.5052,13.503,0.0098,0.5052,13.503,0.0098
240,02/01/2019,TI,1,994,1,100,1,5000,65,1,55,,,,,7.15332143,0.274669786,300.8193224,98%,99%,100%,1618,1309,19.10%,,0.0104,0.1653,0,0.0104,0.1653,-,7.59,0.4752,12.3758,0.0113,-0.072109256,-1.877966616,-0.001714719
241,02/01/2019,TI,1,994,2,120,2,5000,65,1,70.5,,,,,9.243525599,0.354928438,388.7188818,97%,98%,100%,1605,1293,19.40%,,0.0138,0.2796,0,0.0138,0.2796,-,7.59,0.4752,12.3758,0.0113,-0.072109256,-1.877966616,-0.001714719
242,03/01/2019,TI,1,994,3,110,1,5000,65,1,55,,,,,6.707663908,0.257557644,282.0780433,99%,99%,100%,1725.5,1382,19.90%,,0.0053,0.1267,0,0.0053,0.1267,-,7.59,0.4752,12.3758,0.0113,-0.072109256,-1.877966616,-0.001714719
243,03/01/2019,TI,1,994,4,125,2,5000,65,1,58.5,,,,,7.643965266,0.293509292,321.4524154,96%,98%,100%,1610.5,1301,19.20%,,0.0172,0.2252,0,0.0172,0.2252,-,7.59,0.4752,12.3758,0.0113,-0.072109256,-1.877966616,-0.001714719
244,03/01/2019,TI,1,994,5,110,1,5000,65,1,50,,,,,6.625872495,0.254417057,278.638461,89%,97%,100%,1588,1277.5,19.60%,,0.0529,0.4285,0,0.0529,0.4285,-,7.59,0.4752,12.3758,0.0113,-0.072109256,-1.877966616,-0.001714719
245,03/01/2019,TI,1,994,7,120,1,5000,65,1,55,,,,,7.22476534,0.277413055,303.8237601,93%,96%,100%,1602,1267,20.90%,,0.0349,0.4821,0,0.0349,0.4821,-,7.59,0.4752,12.3758,0.0113,-0.072109256,-1.877966616,-0.001714719
246,03/01/2019,TI,1,994,6,120,2,5000,65,1,63.5,,,,,8.705403657,0.334265891,366.0891874,79%,88%,100%,1535,1264.5,17.60%,,0.0989,1.5354,0,0.0989,1.5354,-,7.59,0.4752,12.3758,0.0113,-0.072109256,-1.877966616,-0.001714719
247,07/01/2019,NN,1,983,1,125,1,5000,65,1,50,,,,1PMP,10.54919088,0.484126274,214.5002145,93%,96%,71%,1554,1438,7.50%,,0.0224,0.2727,0.0044,0.0224,0.2727,0.0044,,0.305,6.646,0.015,0.305,6.646,0.015
248,07/01/2019,NN,1,983,2,140,2,5000,65,1,58,,,,1PMP,12.10079125,0.555332731,246.049422,93%,95%,100%,1571.5,1443,8.20%,,0.0226,0.3469,0,0.0226,0.3469,-,,0.305,6.646,0.015,0.305,6.646,0.015
249,09/01/2019,NN,1,983,3,115,1,5000,65,1,50,,,,1PMP,10.29092443,0.472273842,209.2487968,98%,98%,100%,1593,1449,9.00%,,0.0053,0.1229,0,0.0053,0.1229,-,,0.305,6.646,0.015,0.305,6.646,0.015
250,09/01/2019,NN,1,983,4,90,2,5000,65,1,50,,,,2PMP,9.851828499,0.452122734,200.3205128,89%,94%,61%,1664,1507.5,9.40%,,0.0326,0.4282,0.0059,0.0326,0.4282,0.0059,,0.305,6.646,0.015,0.305,6.646,0.015
251,09/01/2019,NN,1,983,5,90,1,5000,65,1,59,,,,,11.50417026,0.527952442,233.9181287,97%,97%,100%,1681.5,1531.5,8.90%,,0.01,0.2151,0,0.01,0.2151,-,,0.305,6.646,0.015,0.305,6.646,0.015
252,10/01/2019,NN,1,983,6,110,2,5000,65,1,59,,,,,12.2664948,0.562937242,249.4187275,83%,88%,12%,1577,1439,8.80%,,0.052,0.777,0.0132,0.052,0.777,0.0132,,0.305,6.646,0.015,,,
253,10/01/2019,NN,1,983,7,90,1,5000,65,1,51.5,,,,,10.55987861,0.484616758,214.7175318,100%,99%,100%,1599,1438,10.10%,,0,0.0708,0,-,0.0708,-,,0.305,6.646,0.015,,,
254,10/01/2019,NN,1,983,8,115,2,5000,65,1,50.5,,,,,10.82535276,0.496799969,220.1155062,99%,98%,100%,1529.5,1399,8.50%,,0.0034,0.1008,0,0.0034,0.1008,-,,0.305,6.646,0.015,,,
255,10/01/2019,NN,1,983,9,100,1,5000,65,1,50,,,,,11.01709854,0.505599617,224.0143369,96%,97%,100%,1488,1366,8.20%,,0.0113,0.1824,0,0.0113,0.1824,-,,0.305,6.646,0.015,,,
256,10/01/2019,NN,1,983,10,110,2,5000,65,1,53.5,,,,,12.98370363,0.595851581,264.0019738,98%,98%,100%,1351,1265,6.40%,,0.0046,0.1137,0,0.0046,0.1137,-,,0.305,6.646,0.015,,,
257,`2019/01/14,N2,1,1007,1,110,1,5000,65,1,50,,,,,5.139571488,0.247212295,384.8003848,100%,98%,100%,1687.5,1391,17.60%,,0,0.2502,0,-,0.2502,-,,0.5765,11.9855,0.0077,,,
258,`2019/01/14,N2,1,1007,2,100,2,5000,65,1,50.5,,,,,5.464602093,0.262846198,409.1354684,100%,86%,100%,1603,1345.5,16.10%,,0,1.6346,0,-,1.6346,-,,0.5765,11.9855,0.0077,,,
259,14/01/2019,N2,1,1007,3,130,1,5000,65,1,50,,,,,5.196540974,0.249952515,389.0656976,100%,99%,100%,1669,1366.5,18.10%,,0.0023,0.124,0,0.0023,0.124,-,,0.5765,11.9855,0.0077,,,
260,14/01/2019,N2,1,1007,4,130,2,5000,65,1,62,,,,,6.459191195,0.310685722,483.6004836,98%,99%,100%,1665,1344.5,19.20%,,0.0105,0.1404,0,0.0105,0.1404,-,,0.5765,11.9855,0.0077,,,
261,15/01/2019,N2,1,1007,5,120,1,5000,65,1,50,,,,,5.156377459,0.248020659,386.05865,100%,99%,-25%,1682,1411,16.10%,,0.0026,0.11,0.0096,0.0026,0.11,0.0096,,0.5765,11.9855,0.0077,,,
262,15/01/2019,N2,1,1007,6,120,2,5000,65,1,50,,,,,5.506683737,0.264870316,412.2861266,96%,97%,100%,1575,1327,15.70%,,0.0228,0.3439,0,0.0228,0.3439,-,,0.5765,11.9855,0.0077,,,
263,17/01/2019,N2,1,1008,1,120,1,5000,65,1,54,,,,,5.434979528,0.205568227,,82%,92%,#DIV/0!,1737,1405,19.10%,,0.101,1.2834,0.0031,0.101,1.2834,0.0031,,0.572,15.123,0,,,
266,18/01/2019,N2,1,1008,4,150,2,5000,65,1,58.5,,,,,5.859222416,0.221614443,,81%,90%,#DIV/0!,1745.5,1432,18.00%,,0.1081,1.4498,0.0075,0.1081,1.4498,0.0075,,0.572,15.123,0,,,
267,18/01/2019,N2,1,1008,5,160,1,5000,65,1,67,,,,,6.685665932,0.252873168,,79%,92%,#DIV/0!,1752,1416,19.20%,,0.1193,1.276,0,,,,,0.572,15.123,0,,,
270,22/01/2019,CBD,1,1020,1,130,1,5000,65,1,75,,,,,7.254482908,0.372865086,2083.072949,91%,96%,100%,1714.5,1503,12.30%,,0.056,0.4824,0,,,,,0.603,11.732,0.0021,,,
271,23/01/2019,CBD,1,1020,3,140,1,5000,65,1,70,,,,,6.768876705,0.347905954,1943.634597,91%,97%,-52%,1715,1510.5,11.90%,,0.0523,0.3558,0.0032,,,,,0.603,11.732,0.0021,,,
272,23/01/2019,CBD,1,1020,4,140,2,5000,65,1,70,,,,,6.540069605,0.336145753,1877.934272,85%,92%,-81%,1775,1462.5,17.60%,,0.0882,0.8923,0.0038,,,,,0.603,11.732,0.0021,,,
273,24/01/2019,CBD,1,1020,5,140,1,5000,65,1,70,,,,,6.766903847,0.347804553,1943.068105,88%,95%,-129%,1715.5,1441.5,16.00%,,0.0707,0.5395,0.0048,,,,,0.603,11.732,0.0021,,,
274,28/01/2019,CBD,1,1021,3,150,1,5000,65,1,75,,,,,4.048825598,0.383733241,170.0506751,98%,99%,100%,1633.5,1369.5,16.20%,,0.0198,0.1512,0,,,,,1.134,11.965,0.027,,,
275,28/01/2019,CBD,1,1021,4,150,2,5000,65,1,70.5,,,,,3.775846472,0.357861254,158.5855518,98%,99%,100%,1646.5,1319,19.90%,,0.0238,0.1782,0,,,,,1.134,11.965,0.027,,,
276,29/01/2019,CBD,1,1021,7,150,1,5000,65,1,66,,,,,3.849276336,0.364820674,161.6696061,94%,97%,100%,1512,1189.5,21.30%,,0.065,0.369,0,,,,,1.134,11.965,0.027,,,
277,29/01/2019,CBD,1,1021,8,150,2,5000,65,1,52,,,,,3.640760555,0.345058292,152.9119433,98%,98%,100%,1259.5,1030,18.20%,,0.025,0.236,0,,,,,1.134,11.965,0.027,,,
278,31/01/2019,CBD,1,1022,1,110,1,5000,65,1,60,,,,,7.114694809,0.325481985,196.7213115,86%,97%,70%,1525,1267,16.90%,,0.078,0.338,0.006,,,,,0.553,12.088,0.02,,,
279,31/01/2019,CBD,1,1022,2,130,2,5000,65,1,55,,,,,6.133672804,0.280602338,169.596053,95%,97%,100%,1621.5,1337,0.175454826,,0.029,0.327,0,,,,,0.553,12.088,0.02,,,
278,31/01/2019,CBD,1,1022,3,130,1,5000,65,1,50,,,,,5.8578499,0.267984033,161.9695497,84%,92%,100%,1543.5,1304,0.155166829,,0.088,0.985,0,,,,,0.553,12.088,0.02,,,
279,01/02/2019,CBD,1,1022,4,95,2,5000,65,1,45.5,,,,,5.088341436,0.232780676,140.6926407,90%,93%,100%,1617,1354,0.162646877,,0.055,0.81,0,,,,,0.553,12.088,0.02,,,
280,01/02/2019,CBD,1,1022,5,120,1,5000,65,1,40,,,,,4.290197542,0.19626731,118.623962,87%,95%,100%,1686,1425,0.15480427,,0.072,0.58,0,,,,,0.553,12.088,0.02,,,
281,01/02/2019,CBD,1,1022,6,90,2,5000,65,1,40,,,,,5.040608401,0.230596993,139.3728223,88%,94%,100%,1435,1195,0.167247387,,0.064,0.679,0,,,,,0.553,12.088,0.02,,,
282,01/02/2019,CBD,1,1022,7,90,1,5000,65,1,40,,,,,5.104638713,0.233526242,141.1432604,81%,91%,100%,1417,1226,0.134791814,,0.103,1.1,0,,,,,0.553,12.088,0.02,,,
283,01/02/2019,CBD,1,1022,8,120,2,5000,65,1,40,,,,,5.369913182,0.245661978,148.4780995,71%,84%,70%,1347,1158.5,0.139940609,,0.161,1.886,0.006,,,,,0.553,12.088,0.02,,,
284,04/02/2019,BW,1,1032,1,85,1,5000,65,1,45,,,,,0.492521014,0.296692942,38.90916008,73%,89%,100%,1502,1214,0.191744341,,1.6297,1.1243,0,,,,,6.083,10.098,0.077,,,
285,04/02/2019,BW,1,1032,2,100,2,5000,65,1,51.5,,,,,0.554434665,0.333989509,43.8003385,89%,95%,86%,1527,1224,0.198428291,,0.675,0.4851,0.0111,,,,,6.083,10.098,0.077,,,
286,04/02/2019,BW,1,1032,3,100,2,5000,65,1,59,,,,,0.645105527,0.388609321,50.96333663,79%,92%,73%,1503.5,1167.5,0.22347855,,1.2744,0.8326,0.0205,,,,,6.083,10.098,0.077,,,
287,05/02/2019,BW,1,1032,4,110,1,5000,65,1,55,,,,,0.585216267,0.352532239,46.23208507,86%,93%,81%,1545,1242,0.196116505,,0.8348,0.6656,0.015,,,,,6.083,10.098,0.077,,,
288,05/02/2019,BW,1,1032,5,130,2,5000,65,1,55,,,,,0.599376289,0.361062187,47.35072683,56%,80%,46%,1508.5,1206.5,0.200198873,,2.7005,1.9762,0.0413,,,,,6.083,10.098,0.077,,,
289,05/02/2019,BW,1,1032,6,130,1,5000,65,1,60.5,,,,,0.652608297,0.393128963,51.55605549,95%,98%,91%,1524,1159,0.239501312,,0.3108,0.2484,0.0068,,,,,6.083,10.098,0.077,,,
290,05/02/2019,BW,1,1032,7,130,2,5000,65,1,60,,,,,0.656257762,0.395327388,51.84436322,87%,95%,77%,1503,1167,0.223552894,,0.7655,0.5083,0.0179,,,,,6.083,10.098,0.077,,,
291,06/02/2019,BW,1,1032,8,120,1,5000,65,1,60,,,,,0.652135813,0.39284434,51.5187292,94%,97%,88%,1512.5,1168,0.227768595,,0.3867,0.3371,0.009,,,,,6.083,10.098,0.077,,,
292,06/02/2019,BW,1,1032,9,130,2,5000,65,1,60,,,,,0.628051841,0.37833624,49.61609546,77%,87%,75%,1570.5,1238,0.211716014,,1.4186,1.3187,0.0194,,,,,6.083,10.098,0.077,,,
293,06/02/2019,BW,1,1032,10,130,1,5000,65,1,60,,,,,0.656257762,0.395327388,51.84436322,98%,99%,100%,1503,1173,0.219560878,,0.116,0.112,0,,,,,6.083,10.098,0.077,,,
294,06/02/2019,BW,1,1032,11,100,2,5000,65,1,45.5,,,,,0.686225863,0.413380068,54.2118432,91%,96%,100%,1090,856,0.214678899,,0.546,0.393,0,,,,,6.083,10.098,0.077,,,
295,07/02/2019,SK ,,1028,1,145,1,5000,65,1,70.5,,,,,0.322009037,20.51717841,34.54730776,96%,100%,90%,1500.5,1160,0.226924359,,0.6186,0,0.0132,,,,,14.591,0.229,0.136,,,
297,08/02/2019,SK ,,1028,3,155,1,5000,65,1,75,,,,,0.313424079,19.97017787,33.62625538,99%,100%,95%,1640,1372,0.163414634,,0.1496,0,0.0068,,,,,14.591,0.229,0.136,,,
298,08/02/2019,SK ,,1028,4,140,2,5000,65,1,65.5,,,,,0.294172255,18.74352561,31.56078945,87%,100%,48%,1526,1269.5,0.168086501,,1.881,0,0.0705,,,,,14.591,0.229,0.136,,,
299,08/02/2019,SK ,,1028,5,150,1,5000,65,1,70,,,,,0.342554652,21.82626604,36.75158032,96%,100%,100%,1400.5,1152.5,0.177079614,,0.5472,0,0,,,,,14.591,0.229,0.136,,,
300,11/02/2019,SK ,,1028,6,150,2,5000,65,1,70,,,,,0.329158003,20.97268308,35.31429725,91%,100%,71%,1457.5,1177.5,0.192109777,,1.2454,0,0.039,,,,,14.591,0.229,0.136,,,
301,11/02/2019,SK ,,1028,7,145,1,5000,65,1,70,,,,,0.340367357,21.68690003,36.51691255,94%,100%,87%,1409.5,1215.5,0.13763746,,0.8758,0,0.018,,,,,14.591,0.229,0.136,,,
302,11/02/2019,SK ,,1028,8,145,2,5000,65,1,70,,,,,0.336901538,21.46607134,36.14507601,95%,100%,86%,1424,1247,0.124297753,,0.6826,0,0.0191,,,,,14.591,0.229,0.136,,,
303,11/02/2019,SK ,,1028,9,150,1,5000,65,1,70,,,,,0.327249516,20.85108158,35.10954177,99%,100%,76%,1466,1206,0.177353342,,0.086,0,0.032,,,,,14.591,0.229,0.136,,,
304,11/02/2019,SK ,,1028,10,150,2,5000,65,1,70,,,,,0.365382932,23.28079634,39.20075265,100%,100%,54%,1313,1096,0.165270373,,0.041,0,0.063,,,,,14.591,0.229,0.136,,,
305,12/02/2019,SK ,,1028,11,145,1,5000,65,1,65,,,,,0.350909878,22.35862897,37.64798554,-,100%,-,1269.5,1002,0.210712879,,,0,,,,,,14.591,0.229,0.136,,,
309,13/02/2019,SK ,,1029,4,160,2,5000,65,1,80,,,,,0.360036717,157.4183392,34.65183568,98%,100%,94%,1452,1131,0.22107438,,0.351,0,0.01,,,,,15.303,0.035,0.159,,,
310,14/02/2019,SK ,,1029,5,160,1,5000,65,1,80,,,,,0.350384258,153.1980084,33.72283204,92%,100%,83%,1492,1202,0.194369973,,1.27,0,0.027,,,,,15.303,0.035,0.159,,,
311,14/02/2019,SK ,,1029,6,160,2,5000,65,1,80,,,,,0.365959617,160.0080004,35.22188688,95%,100%,87%,1428.5,1166.5,0.18340917,,0.741,0,0.021,,,,,15.303,0.035,0.159,,,
312,15/02/2019,SK ,,1029,7,160,1,5000,65,1,80,,,,,0.393506445,172.0522609,37.87313919,97%,100%,92%,1328.5,1066,0.197591268,,0.455,0,0.013,,,,,15.303,0.035,0.159,,,
313,2019/02.19,BW,1,1037,1,115,1,5000,65,1,60,,,,,0.592657039,0.347737802,57.38743693,95%,98%,100%,1608.5,1258.5,0.217594032,,0.3384,0.1755,0,,,,,6.294,10.727,0.065,,,
314,2019/02.19,BW,1,1037,2,110,2,5000,65,1,60,,,,,0.58591816,0.343783807,56.73490615,97%,98%,100%,1627,1240,0.237861094,,0.2101,0.17,0,,,,,6.294,10.727,0.065,,,
315,2019/02.19,BW,1,1037,3,120,1,5000,65,1,61.5,,,,,0.617844494,0.362516384,59.82635764,96%,98%,100%,1581.5,1223.5,0.226367373,,0.252,0.2109,0,,,,,6.294,10.727,0.065,,,
316,2019'02'20,BW,1,1037,4,125,2,5000,65,1,55.5,,,,,0.53120011,0.311678334,51.43651529,93%,97%,100%,1660,1293.5,0.220783133,,0.4156,0.3229,0,,,,,6.294,10.727,0.065,,,
317,20/02/2019,BW,1,1037,5,100,1,5000,65,1,55,,,,,0.571890124,0.335552945,55.37656061,92%,96%,100%,1528,1196,0.217277487,,0.5061,0.3954,0,,,,,6.294,10.727,0.065,,,
318,20/02/2019,BW,1,1037,6,95,2,5000,65,1,50,,,,,0.53013505,0.311053417,51.33338467,95%,98%,100%,1498.5,1161,0.225225225,,0.3269,0.2496,0,,,,,6.294,10.727,0.065,,,
319,22/02/2019,BW,1,1035,1,90,1,5000,65,1,50,,,,,0.511601485,0.303182445,50.47242187,90%,96%,67%,1624,1327,0.182881773,,0.623,0.439,0.02,,,,,6.018,10.155,0.061,,,
320,22/02/2019,BW,1,1035,2,130,2,5000,65,1,65.5,,,,,0.659237712,0.390673811,65.03758279,83%,92%,52%,1651,1339,0.188976378,,1.052,0.811,0.029,,,,,6.018,10.155,0.061,,,
321,23/02/2019,BW,1,1035,3,90,1,5000,65,1,50,,,,,0.51685276,0.306294427,50.99049027,95%,98%,82%,1607.5,1253.5,0.220217729,,0.287,0.233,0.011,,,,,6.018,10.155,0.061,,,
322,23/02/2019,BW,1,1035,4,90,2,5000,65,1,50,,,,,0.513498647,0.304306731,50.65958783,95%,97%,82%,1618,1313,0.188504326,,0.303,0.258,0.011,,,,,6.018,10.155,0.061,,,
323,23/02/2019,BW,1,1035,5,130,1,5000,65,1,66,,,,,0.682033501,0.404182926,67.28651823,82%,92%,56%,1608,1310,0.185323383,,1.063,0.85,0.027,,,,,6.018,10.155,0.061,,,
324,23/02/2019,BW,1,1035,6,95,2,5000,65,1,50.5,,,,,0.525947489,0.311684096,51.88773754,93%,97%,82%,1595.5,1265.5,0.206831714,,0.399,0.301,0.011,,,,,6.018,10.155,0.061,,,
325,23/02/2019,BW,1,1035,7,120,1,5000,65,1,55,,,,,0.57479553,0.340632151,56.706877,95%,98%,100%,1590,1221,0.232075472,,0.285,0.19,0,,,,,6.018,10.155,0.061,,,
326,23/02/2019,BW,1,1035,8,100,2,5000,65,1,52,,,,,0.532885873,0.315795882,52.57224893,94%,97%,80%,1621.5,1324.5,0.183163737,,0.388,0.313,0.012,,,,,6.018,10.155,0.061,,,
327,24/02/2019,BW,1,1035,9,100,1,5000,65,1,50,,,,,0.499904218,0.296250476,49.31841944,80%,92%,31%,1662,1329.5,0.200060168,,1.175,0.821,0.042,,,,,6.018,10.155,0.061,,,
328,24/02/2019,BW,1,1035,10,120,2,5000,65,1,56.5,,,,,0.610832867,0.361988399,60.26216709,99%,99%,100%,1537,1222,0.204944697,,0.056,0.077,0,,,,,6.018,10.155,0.061,,,
329,27/02/2019,HB,,1086,1,105,1,5000,65,1,65,,,,,0.416016289,137.2164896,8.692447306,95%,100%,90%,1538,1297,0.156697009,,0.461,0,0.049,,,,,10.1589,0.0308,0.4862,,,
330,27/02/2019,HB,,1086,2,110,2,5000,65,1,60,,,,,0.384015036,126.661375,8.023797514,95%,100%,91%,1538,1307.5,0.149869961,,0.463,0,0.044,,,,,10.1589,0.0308,0.4862,,,
331,27/02/2019,HB,,1086,3,130,1,5000,65,1,60,,,,,0.385896848,127.2820613,8.063117005,93%,100%,87%,1530.5,1311,0.143417184,,0.704,0,0.062,,,,,10.1589,0.0308,0.4862,,,
332,27/02/2019,HB,,1086,4,105,2,5000,65,1,55,,,,,0.351100648,115.8050769,7.33606822,92%,100%,85%,1542,1311.5,0.149481193,,0.798,0,0.071,,,,,10.1589,0.0308,0.4862,,,
333,27/02/2019,HB,,1086,5,100,1,5000,65,1,56,,,,,0.357484296,117.9106237,7.469451278,90%,100%,81%,1542,1303.5,0.154669261,,0.971,0,0.09,,,,,10.1589,0.0308,0.4862,,,
334,28/02/2019,HB,,1086,6,100,2,5000,65,1,60.5,,,,,0.386837881,127.5924465,8.082779418,91%,100%,82%,1539.5,1378.5,0.104579409,,0.964,0,0.088,,,,,10.1589,0.0308,0.4862,,,
335,01/03/2019,HB,,1086,7,115,1,5000,65,1,81,,,,,0.51791518,170.8262507,10.82157244,98%,100%,95%,1539.5,1280,0.168561221,,0.246,0,0.023,,,,,10.1589,0.0308,0.4862,,,
336,01/03/2019,HB,,1086,8,125,2,5000,65,1,60,,,,,0.382894733,126.2918605,8.000389352,98%,100%,94%,1542.5,1306,0.153322528,,0.246,0,0.027,,,,,10.1589,0.0308,0.4862,,,
337,01/03/2019,HB,,1086,9,100,1,5000,65,1,60,,,,,0.400824653,132.2057651,8.37502584,83%,100%,73%,1473.5,177,0.879877842,,1.697,0,0.13,,,,,10.1589,0.0308,0.4862,,,
338,2019-MAR-4,HB,,1082,1,100,1,5000,65,1,55,,,,,0.408179502,180.9984533,26.39560777,95%,100%,100%,1447,1240,0.143054596,,0.444,0,0,,,,,9.312,0.021,0.144,,,
339,2019-MAR-4,HB,,1082,2,110,2,5000,65,1,55.5,,,,,0.423599968,187.8363286,27.39279792,89%,100%,72%,1407,1238,0.120113717,,1.048,0,0.041,,,,,9.312,0.021,0.144,,,
340,2019-MAR-4,HB,,1082,3,100,1,5000,65,1,58,,,,,0.444894453,197.2789116,28.76984127,96%,100%,100%,1400,1215.5,0.131785714,,0.364,0,0,,,,,9.312,0.021,0.144,,,
341,2019-MAR-4,HB,,1082,4,100,2,5000,65,1,58,,,,,0.442681047,196.2974244,28.62670773,96%,100%,100%,1407,1209,0.140724947,,0.338,0,0,,,,,9.312,0.021,0.144,,,
342,2019-MAR-4,HB,,1082,5,95,1,5000,65,1,55,,,,,0.405517157,179.8178935,26.2234428,93%,100%,100%,1456.5,1258,0.136285616,,0.611,0,0,,,,,9.312,0.021,0.144,,,
343,2019-MAR-4,HB,,1082,6,110,2,5000,65,1,65.5,,,,,0.663578746,294.2497754,42.91142558,96%,100%,100%,1060,848,0.2,,0.367,0,0,,,,,9.312,0.021,0.144,,,
344,2019-MAR-5,SB,,1014,1,140,1,5000,65,1,80,,,,,0.361529861,113.13577,14.29403546,96%,100%,88%,1504.5,1197,0.204386839,,0.602,0,0.045,,,,,14.708,0.047,0.372,,,
345,2019-MAR-5,SB,,1014,2,140,2,5000,65,1,80,,,,,0.377068752,117.9984513,14.90840648,95%,100%,88%,1442.5,1139.5,0.210051993,,0.675,0,0.044,,,,,14.708,0.047,0.372,,,
346,2019-MAR-5,SB,,1014,3,150,1,5000,65,1,81,,,,,0.378502197,118.4470279,14.96508148,98%,100%,95%,1455,1133.5,0.220962199,,0.264,0,0.019,,,,,14.708,0.047,0.372,,,
347,2019-MAR-6,SB,,1014,4,165,2,5000,65,1,90,,,,,0.422008196,132.0616288,16.68520578,100%,100%,99%,1450,1125,0.224137931,,0.062,0,0.0049,,,,,14.708,0.047,0.372,,,
350,2019-MAR-7,SB,,1014,7,145,1,5000,65,1,80,,,,,0.361770319,113.2110183,14.30354263,96%,100%,89%,1503.5,1172,0.220485534,,0.596,0,0.041,,,,,14.708,0.047,0.372,,,
351,2019-MAR-7,SB,,1014,8,120,2,5000,65,1,70,,,,,0.425128598,133.0381154,16.8085791,98%,100%,91%,1119.5,963,0.139794551,,0.331,0,0.0334,,,,,14.708,0.047,0.372,,,
352,2019-MAR-11,HB,,1019,1,125,1,5000,65,1,70,,,,,0.349826276,145.6724866,17.67574106,99%,100%,100%,1657,1381,0.166566083,,0.087,0,0,,,,,12.076,0.029,0.239,,,
354,2019-MAR-12,HB,,1019,3,125,1,5000,65,1,70,,,,,0.364109384,151.6201698,18.39742646,99%,100%,66%,1592,1322.5,0.16928392,,0.071,0,0.081,,,,,12.076,0.029,0.239,,,
355,2019-MAR-12,HB,,1019,4,115,2,5000,65,1,65,,,,,0.342185443,142.4907381,17.28967115,98%,100%,100%,1573,1336,0.150667514,,0.249,0,0,,,,,12.076,0.029,0.239,,,
356,2019-MAR-12,HB,,1019,5,115,1,5000,65,1,65,,,,,0.346815529,144.41877,17.52361644,97%,100%,100%,1552,1287,0.170747423,,0.333,0,0,,,,,12.076,0.029,0.239,,,
357,2019-MAR-12,HB,,1019,6,120,2,5000,65,1,65.5,,,,,0.373809886,155.6595927,18.88756564,98%,100%,100%,1451,1205,0.169538249,,0.269,0,0,,,,,12.076,0.029,0.239,,,
358,2019-MAR-18,HB,,1016,1,110,1,5000,65,1,60,,,,,0.301162593,117.9616232,117.9616232,88%,100%,-131%,1589.5,1370,0.13809374,,1.453,0,0.074,,,,,12.534,0.032,0.032,,,
359,2019-MAR-18,HB,,1016,2,115,2,5000,65,1,60,,,,,0.295857813,115.8838072,115.8838072,96%,100%,0%,1618,1391.5,0.139987639,,0.47,0,0.032,,,,,12.534,0.032,0.032,,,
360,2019-MAR-18,HB,,1016,3,120,1,5000,65,1,60,,,,,0.298533172,116.9317119,116.9317119,98%,100%,22%,1603.5,1373.5,0.143436233,,0.26,0,0.025,,,,,12.534,0.032,0.032,,,
361,2019-MAR-18,HB,,1016,4,95,1,5000,65,1,55,,,,ex-1-1,0.292537631,114.5833333,114.5833333,-,-,-,1500,1232.5,0.178333333,,,,,,,,,12.534,0.032,0.032,,,
362,2019-MAR-19,HB,,1016,5,100,2,5000,65,1,55,,,,ex-1-2,0.292537631,114.5833333,114.5833333,-,-,-,1500,1331.5,0.112333333,,,,,,,,,12.534,0.032,0.032,,,
363,2019-MAR-19,HB,,1016,6,100,1,5000,65,1,55,,,,ex-3-1,0.292537631,114.5833333,114.5833333,-,-,-,1500,1282,0.145333333,,,,,,,,,12.534,0.032,0.032,,,
364,2019-MAR-19,HB,,1016,7,102,2,5000,65,1,55,,,,ex-3-2,0.292537631,114.5833333,114.5833333,-,-,-,1500,1234.5,0.177,,,,,,,,,12.534,0.032,0.032,,,
365,2019-MAR-20,HB,,1016,8,96,1,5000,65,1,55,,,,Ex-2-1,0.292537631,114.5833333,114.5833333,-,-,-,1500,1262,0.158666667,,,,,,,,,12.534,0.032,0.032,,,
366,2019-MAR-20,HB,,1016,9,94,2,5000,65,1,55,,,,ex-2-2,0.292537631,114.5833333,114.5833333,-,-,-,1500,1277,0.148666667,,,,,,,,,12.534,0.032,0.032,,,
367,2019-MAR-20,HB,,1016,10,100,1,5000,65,1,62,,,,,0.494407336,193.6531734,193.6531734,87%,100%,-178%,1000.5,838,0.162418791,,1.68,0,0.089,,,,,12.534,0.032,0.032,,,
368,2019-MAR-20,HB,,1016,11,10-0,2,5000,65,1,59,,,,,0.482047765,188.812084,188.812084,79%,100%,-244%,976.5,849,0.130568356,,2.691,0,0.11,,,,,12.534,0.032,0.032,,,
368,2019-MAR-21,HB,,1018,1,95,1,5000,65,1,55,,,,EX-4-1,0.243583782,66.66666667,6.740196078,-,-,-,1500,1303,0.131333333,,,,,,,,,15.053,0.055,0.544,,,
369,2019-MAR-21,HB,,1018,2,103,2,5000,65,1,55,,,,EX-4-2,0.243583782,66.66666667,6.740196078,-,-,-,1500,1266.5,0.155666667,,,,,,,,,15.053,0.055,0.544,,,
370,2019-MAR-22,HB,,1018,3,99,1,5000,65,1,55,,,,EX-5-1,0.243583782,66.66666667,6.740196078,-,-,-,1500,1279,0.147333333,,,,,,,,,15.053,0.055,0.544,,,
371,2019-MAR-22,HB,,1018,4,95,2,5000,65,1,55,,,,EX-5-2,0.243583782,66.66666667,6.740196078,-,-,-,1500,1283.5,0.144333333,,,,,,,,,15.053,0.055,0.544,,,
372,2019-MAR-22,HB,,1018,5,98,1,5000,65,1,55,,,,EX-6-1,0.243583782,66.66666667,6.740196078,-,-,-,1500,1251,0.166,,,,,,,,,15.053,0.055,0.544,,,
373,2019-MAR-22,HB,,1018,6,98,2,5000,65,1,55,,,,EX-6-2,0.243583782,66.66666667,6.740196078,-,-,-,1500,1277,0.148666667,,,,,,,,,15.053,0.055,0.544,,,
374,2019-MAR-23,HB,,1018,7,90,1,5000,65,1,55,,,,EX-7-1,0.243583782,66.66666667,6.740196078,-,-,-,1500,1343.5,0.104333333,,,,,,,,,15.053,0.055,0.544,,,
375,2019-MAR-23,HB,,1018,8,102,2,5000,65,1,55,,,,EX-7-2,0.243583782,66.66666667,6.740196078,-,-,-,1500,1286,0.142666667,,,,,,,,,15.053,0.055,0.544,,,
376,2019-MAR-25,HB,,1018,9,92,1,5000,65,1,55,,,,EX-8-1,0.243583782,66.66666667,6.740196078,-,-,-,1500,1318,0.121333333,,,,,,,,,15.053,0.055,0.544,,,
378,2019-MAR-25,HB,,1018,10,94,2,5000,65,1,55,,,,EX-8-2,0.243583782,,6.740196078,-,-,-,1500,,-,,,,,,,,,15.053,0.055,0.544,,,
,,,,,,,,,,,,,,,,,,,-,-,-,,,-,,,,,,,,,,,,,,
,,,,,,,,,,,,,,,,,,,-,-,-,,,-,,,,,,,,,,,,,,
,,,,,,,,,,,,,,,,,,,-,-,-,,,-,,,,,,,,,,,,,,
,,,,,,,,,,,,,,,,,,,-,-,-,,,-,,,,,,,,,,,,,,
,,,,,,,,,,,,,,,,,,,-,-,-,,,-,,,,,,,,,,,,,,
,,,,,,,,,,,,,,,,,,,-,-,-,,,-,,,,,,,,,,,,,,
,,,,,,,,,,,,,,,,,,,-,-,-,,,-,,,,,,,,,,,,,,
,,,,,,,,,,,,,,,,,,,-,-,-,,,-,,,,,,,,,,,,,,
,,,,,,,,,,,,,,,,,,,-,-,-,,,-,,,,,,,,,,,,,,
,,,,,,,,,,,,,,,,,,,-,-,-,,,-,,,,,,,,,,,,,,
,,,,,,,,,,,,,,,,,,,-,-,-,,,-,,,,,,,,,,,,,,
,,,,,,,,,,,,,,,,,,,-,-,-,,,-,,,,,,,,,,,,,,
,,,,,,,,,,,,,,,,,,,-,-,-,,,-,,,,,,,,,,,,,,
,,,,,,,,,,,,,,,,,,,-,-,-,,,-,,,,,,,,,,,,,,
,,,,,,,,,,,,,,,,,,,-,-,-,,,-,,,,,,,,,,,,,,
,,,,,,,,,,,,,,,,,,,-,-,-,,,-,,,,,,,,,,,,,,
,,,,,,,,,,,,,,,,,,,-,-,-,,,-,,,,,,,,,,,,,,
,,,,,,,,,,,,,,,,,,,-,-,-,,,-,,,,,,,,,,,,,,
,,,,,,,,,,,,,,,,,,,-,-,-,,,-,,,,,,,,,,,,,,
,,,,,,,,,,,,,,,,,,,-,-,-,,,-,,,,,,,,,,,,,,
,,,,,,,,,,,,,,,,,,,-,-,-,,,-,,,,,,,,,,,,,,
,,,,,,,,,,,,,,,,,,,-,-,-,,,-,,,,,,,,,,,,,,
,,,,,,,,,,,,,,,,,,,-,-,-,,,-,,,,,,,,,,,,,,
,,,,,,,,,,,,,,,,,,,-,-,-,,,-,,,,,,,,,,,,,,
,,,,,,,,,,,,,,,,,,,-,-,-,,,-,,,,,,,,,,,,,,
,,,,,,,,,,,,,,,,,,,-,-,-,,,-,,,,,,,,,,,,,,
,,,,,,,,,,,,,,,,,,,-,-,-,,,-,,,,,,,,,,,,,,
,,,,,,,,,,,,,,,,,,,-,-,-,,,-,,,,,,,,,,,,,,
,,,,,,,,,,,,,,,,,,,-,-,-,,,-,,,,,,,,,,,,,,
,,,,,,,,,,,,,,,,,,,-,-,-,,,-,,,,,,,,,,,,,,
,,,,,,,,,,,,,,,,,,,-,-,-,,,-,,,,,,,,,,,,,,
,,,,,,,,,,,,,,,,,,,-,-,-,,,-,,,,,,,,,,,,,,
,,,,,,,,,,,,,,,,,,,-,-,-,,,-,,,,,,,,,,,,,,
,,,,,,,,,,,,,,,,,,,-,-,-,,,-,,,,,,,,,,,,,,
,,,,,,,,,,,,,,,,,,,-,-,-,,,-,,,,,,,,,,,,,,
,,,,,,,,,,,,,,,,,,,-,-,-,,,-,,,,,,,,,,,,,,
,,,,,,,,,,,,,,,,,,,-,-,-,,,-,,,,,,,,,,,,,,
,,,,,,,,,,,,,,,,,,,-,-,-,,,-,,,,,,,,,,,,,,
,,,,,,,,,,,,,,,,,,,-,-,-,,,-,,,,,,,,,,,,,,
,,,,,,,,,,,,,,,,,,,-,-,-,,,-,,,,,,,,,,,,,,
,,,,,,,,,,,,,,,,,,,-,-,-,,,-,,,,,,,,,,,,,,
,,,,,,,,,,,,,,,,,,,-,-,-,,,-,,,,,,,,,,,,,,
,,,,,,,,,,,,,,,,,,,-,-,-,,,-,,,,,,,,,,,,,,
,,,,,,,,,,,,,,,,,,,-,-,-,,,-,,,,,,,,,,,,,,
,,,,,,,,,,,,,,,,,,,-,-,-,,,-,,,,,,,,,,,,,,
,,,,,,,,,,,,,,,,,,,-,-,-,,,-,,,,,,,,,,,,,,
,,,,,,,,,,,,,,,,,,,-,-,-,,,-,,,,,,,,,,,,,,
,,,,,,,,,,,,,,,,,,,-,-,-,,,-,,,,,,,,,,,,,,
,,,,,,,,,,,,,,,,,,,-,-,-,,,-,,,,,,,,,,,,,,
,,,,,,,,,,,,,,,,,,,-,-,-,,,-,,,,,,,,,,,,,,
,,,,,,,,,,,,,,,,,,,-,-,-,,,-,,,,,,,,,,,,,,
,,,,,,,,,,,,,,,,,,,-,-,-,,,-,,,,,,,,,,,,,,
,,,,,,,,,,,,,,,,,,,-,-,-,,,-,,,,,,,,,,,,,,
,,,,,,,,,,,,,,,,,,,-,-,-,,,-,,,,,,,,,,,,,,
,,,,,,,,,,,,,,,,,,,-,-,-,,,-,,,,,,,,,,,,,,
,,,,,,,,,,,,,,,,,,,-,-,-,,,-,,,,,,,,,,,,,,
,,,,,,,,,,,,,,,,,,,-,-,-,,,-,,,,,,,,,,,,,,
,,,,,,,,,,,,,,,,,,,-,-,-,,,-,,,,,,,,,,,,,,
,,,,,,,,,,,,,,,,,,,-,-,-,,,-,,,,,,,,,,,,,,
,,,,,,,,,,,,,,,,,,,-,-,-,,,-,,,,,,,,,,,,,,
,,,,,,,,,,,,,,,,,,,-,-,-,,,-,,,,,,,,,,,,,,
,,,,,,,,,,,,,,,,,,,-,-,-,,,-,,,,,,,,,,,,,,
,,,,,,,,,,,,,,,,,,,-,-,-,,,-,,,,,,,,,,,,,,
,,,,,,,,,,,,,,,,,,,-,-,-,,,-,,,,,,,,,,,,,,
,,,,,,,,,,,,,,,,,,,-,-,-,,,-,,,,,,,,,,,,,,
,,,,,,,,,,,,,,,,,,,-,-,-,,,-,,,,,,,,,,,,,,
,,,,,,,,,,,,,,,,,,,-,-,-,,,-,,,,,,,,,,,,,,
,,,,,,,,,,,,,,,,,,,-,-,-,,,-,,,,,,,,,,,,,,
,,,,,,,,,,,,,,,,,,,-,-,-,,,-,,,,,,,,,,,,,,
,,,,,,,,,,,,,,,,,,,-,-,-,,,-,,,,,,,,,,,,,,
,,,,,,,,,,,,,,,,,,,-,-,-,,,-,,,,,,,,,,,,,,
,,,,,,,,,,,,,,,,,,,-,-,-,,,-,,,,,,,,,,,,,,
,,,,,,,,,,,,,,,,,,,-,-,-,,,-,,,,,,,,,,,,,,
,,,,,,,,,,,,,,,,,,,-,-,-,,,-,,,,,,,,,,,,,,
,,,,,,,,,,,,,,,,,,,-,-,-,,,-,,,,,,,,,,,,,,
,,,,,,,,,,,,,,,,,,,-,-,-,,,-,,,,,,,,,,,,,,
,,,,,,,,,,,,,,,,,,,-,-,-,,,-,,,,,,,,,,,,,,
,,,,,,,,,,,,,,,,,,,-,-,-,,,-,,,,,,,,,,,,,,
,,,,,,,,,,,,,,,,,,,-,-,-,,,-,,,,,,,,,,,,,,
,,,,,,,,,,,,,,,,,,,-,-,-,,,-,,,,,,,,,,,,,,
,,,,,,,,,,,,,,,,,,,-,-,-,,,-,,,,,,,,,,,,,,
,,,,,,,,,,,,,,,,,,,-,-,-,,,-,,,,,,,,,,,,,,
,,,,,,,,,,,,,,,,,,,-,-,-,,,-,,,,,,,,,,,,,,
,,,,,,,,,,,,,,,,,,,-,-,-,,,-,,,,,,,,,,,,,,
,,,,,,,,,,,,,,,,,,,-,-,-,,,-,,,,,,,,,,,,,,
,,,,,,,,,,,,,,,,,,,-,-,-,,,-,,,,,,,,,,,,,,
,,,,,,,,,,,,,,,,,,,-,-,-,,,-,,,,,,,,,,,,,,
,,,,,,,,,,,,,,,,,,,-,-,-,,,-,,,,,,,,,,,,,,
,,,,,,,,,,,,,,,,,,,-,-,-,,,-,,,,,,,,,,,,,,
,,,,,,,,,,,,,,,,,,,-,-,-,,,-,,,,,,,,,,,,,,
,,,,,,,,,,,,,,,,,,,-,-,-,,,-,,,,,,,,,,,,,,
,,,,,,,,,,,,,,,,,,,-,-,-,,,-,,,,,,,,,,,,,,
,,,,,,,,,,,,,,,,,,,-,-,-,,,-,,,,,,,,,,,,,,
,,,,,,,,,,,,,,,,,,,-,-,-,,,-,,,,,,,,,,,,,,
,,,,,,,,,,,,,,,,,,,-,-,-,,,-,,,,,,,,,,,,,,
,,,,,,,,,,,,,,,,,,,-,-,-,,,-,,,,,,,,,,,,,,
,,,,,,,,,,,,,,,,,,,-,-,-,,,-,,,,,,,,,,,,,,
,,,,,,,,,,,,,,,,,,,,,,,,-,,,,,,,,,,,,,,
