bottleIds,,
334856,,
334857,,1
334858,,1
334859,,1
334860,,1
334861,,1
334862,,1
334863,,1
334864,,1
334865,,1
334866,,1
334867,,1
334868,,1
334869,,1
334870,,1
334871,,1
334872,,1
334873,,1
334874,,1
334875,,1
334876,,1
334877,,1
334878,,1
334879,,1
334880,,1
334881,,1
334882,,1
334883,,1
334884,,1
334885,,1
334886,,1
334887,,1
334888,,1
334889,,1
334890,,1
334891,,1
334892,,1
334893,,1
334894,,1
334895,,1
334896,,1
334897,,1
334898,,1
334899,,1
334900,,1
334901,,1
334902,,1
334903,,1
334904,,1
334905,,1
334906,,1
334907,,1
334908,,1
